Title,Check & Update,Does Order Exist?,Does Shipping Record Exist?,Does Invoice Record Exist?,invoice sent to buyer?,Purchase Order num.,Line,Shipment Number (Buyer Ref.),Delivery Value,Currency,Arrival Date at Port,Incoterms,Item Description,Container Number,Bill of Lading (TrackingID),Container Type,Unit's code (Buyers Ref.),Quantity in Container (Cartons),Quantity in Container (Units / 🚢),Supplier's number,Country of supplier,Warehouse of destination,Food's Broker number,Port of Origin,Food's Broker fee per line,Custom/ Taarif's code,Shipping Company,Food's Broker name,Supplier's name,Forwarder's name,Forwarder's Case Number/ ID,Units per Carton,SeaPort of destination,Unit's weight (Gross),Net order value,Buyer's name (Contact),Buyer's name (Category manager)
"114705, 10",Yes,Order Exists,Shipping Record Does NOT exist,Invoice Record Does NOT exist,No,114705,10,28298,8434.13,EUR,22/12/2023,FOB,PRESERVED LEMON JUICE 200 ML.,TCNU4239679,ZIMUGO-A1064043,Y40H,7296073130499,"1,785.000",26775,110157,IT,6030,204776,GENOA,,,,"פודז .אקס בע""מ",POLENGHI LAS SRL,ORIAN,,15,HAIFA_BAY,0.2,0,רוניוק ענת,איתי אביטן-קולינרי
"114705, 20",Yes,Order Exists,Shipping Record Does NOT exist,Invoice Record Does NOT exist,No,114705,20,28298,7506,EUR,22/12/2023,FOB,PRESERVED LEMON JUICE 500 ML.,TCNU4239679,ZIMUGO-A1064043,Y40H,7296073132400,"1,800.000",10800,110157,IT,6030,204776,GENOA,,,,"פודז .אקס בע""מ",POLENGHI LAS SRL,ORIAN,,6,HAIFA_BAY,0.5,0,רוניוק ענת,איתי אביטן-קולינרי
"114705, 30",Yes,Order Exists,Shipping Record Does NOT exist,Invoice Record Does NOT exist,No,114705,30,28298,5162.22,EUR,22/12/2023,FOB,Natural Lemon Juice 250ml.,TCNU4239679,ZIMUGO-A1064043,Y40H,7296073404903,"1,687.000",10122,110157,IT,6030,204776,GENOA,,,,"פודז .אקס בע""מ",POLENGHI LAS SRL,ORIAN,,6,HAIFA_BAY,0.25,2916.18,רוניוק ענת,איתי אביטן-קולינרי
"114744, 10",Yes,Order Exists,Shipping Record Does NOT exist,Invoice Record Does NOT exist,No,114744,10,28330,72772,USD,22/1/2024,FOB,organic chestnuts,MSMU6563965,00010663,Y40H,7296073254256,"2,576.000",128800,110542,NL,6032,204776,XINGANG,,,,"פודז .אקס בע""מ",Maas-Intersales,ORIAN,,50,HAIFA,0.1,3503,רוניוק ענת,סיון ליבל אברהם
"114675, 10",Yes,Order Exists,Shipping Record Does NOT exist,Invoice Record Does NOT exist,No,114675,10,28337,25724.16,EUR,1/6/2024,FOB,CUT GREEN BEANS BG4(800G),ZMOU8827958,ZIMUAN-R2101121,Y40R,7296073173229,"2,310.000",27720,110621,BE,6033,204776,ANTWERPEN,,,,"פודז .אקס בע""מ",ARDO NV\SA,ORIAN,,12,HAIFA_BAY,0.8,1002.24,רוניוק ענת,רונן נג'מיאן
"114911, 10",Yes,Order Exists,Shipping Record Does NOT exist,Invoice Record Does NOT exist,No,114911,10,28338,2802.36,EUR,29/12/2023,EXW,spaghetti gluten free 400 gr,JXJU2767351,ZIMUGO-A1064163,Y020,7296073265351,246.000,2952,111592,IT,6030,204776,GENOA,,,,"פודז .אקס בע""מ",pastificio mennucci s.p.a,ORIAN,,12,HAIFA_BAY,0.4,0,רוניוק ענת,סיון ליבל אברהם
"114911, 20",Yes,Order Exists,Shipping Record Does NOT exist,Invoice Record Does NOT exist,No,114911,20,28338,1039.08,EUR,29/12/2023,EXW,fusilli gluten free 400 gr,JXJU2767351,ZIMUGO-A1064163,Y020,7296073265375,88.000,1056,111592,IT,6030,204776,GENOA,,,,"פודז .אקס בע""מ",pastificio mennucci s.p.a,ORIAN,,12,HAIFA_BAY,0.4,0,רוניוק ענת,סיון ליבל אברהם
"114911, 30",Yes,Order Exists,Shipping Record Does NOT exist,Invoice Record Does NOT exist,No,114911,30,28338,4877.12,EUR,29/12/2023,EXW,penne gluten free 400 gr,JXJU2767351,ZIMUGO-A1064163,Y020,7296073265368,432.000,5184,111592,IT,6030,204776,GENOA,,,,"פודז .אקס בע""מ",pastificio mennucci s.p.a,ORIAN,,12,HAIFA_BAY,0.4,0,רוניוק ענת,סיון ליבל אברהם
"114759, 10",Yes,Order Exists,Shipping Record Does NOT exist,Invoice Record Does NOT exist,No,114759,10,28347,11793.6,EUR,24/12/2023,FOB,MIX PEAS AND CARROT,ZMOU8865650,ZIMUANR-81065255,Y40R,7296073224907,"1,170.000",14040,110621,BE,6033,204776,ANTWERPEN,,,,"פודז .אקס בע""מ",ARDO NV\SA,ORIAN,,12,HAIFA_BAY,0.8,0,רוניוק ענת,רונן נג'מיאן
"114759, 20",Yes,Order Exists,Shipping Record Does NOT exist,Invoice Record Does NOT exist,No,114759,20,28347,12026.88,EUR,24/12/2023,FOB,GREEN PEAS,ZMOU8865650,ZIMUANR-81065255,Y40R,7296073224891,"1,080.000",12960,110621,BE,6033,204776,ANTWERPEN,,,,"פודז .אקס בע""מ",ARDO NV\SA,ORIAN,,12,HAIFA_BAY,0.8,0,רוניוק ענת,רונן נג'מיאן
"114758, 10",Yes,Order Exists,Shipping Record Does NOT exist,Invoice Record Does NOT exist,No,114758,10,28367,23051.52,EUR,30/12/2023,FOB,GREEN PEAS,ZMOU8856175,ZIMUANR-81065294,Y40R,7296073224891,"2,070.000",24840,110621,BE,6033,204776,ANTWERPEN,,,,"פודז .אקס בע""מ",ARDO NV\SA,ORIAN,,12,HAIFA_BAY,0.8,0,רוניוק ענת,רונן נג'מיאן
"114758, 20",Yes,Order Exists,Shipping Record Does NOT exist,Invoice Record Does NOT exist,No,114758,20,28520,24834.6,EUR,1/6/2024,FOB,EXTRA FINE GREEN BEANS BH1(600G),ZMOU8833014,ZIMUAN-R2101117,Y40R,7296073173205,"1,890.000",28350,110621,BE,6033,204776,ANTWERPEN,,,,"פודז .אקס בע""מ",ARDO NV\SA,ORIAN,,15,HAIFA_BAY,0.6,394.2,רוניוק ענת,רונן נג'מיאן
"114814, 10",Yes,Order Exists,Shipping Record Does NOT exist,Invoice Record Does NOT exist,No,114814,10,28530,7140,EUR,1/11/2024,EXW,parsnip sweet potato&beetroot chips 85gr,UETU5765627,ME-23151981,Y40H,7296073406617,700.000,8400,112147,ES,6030,204776,TARRAGONA,,,,"פודז .אקס בע""מ",Viube foods,ORIAN,,12,HAIFA_BAY,0.085,0,רוניוק ענת,לירן וייגמן
"114814, 20",Yes,Order Exists,Shipping Record Does NOT exist,Invoice Record Does NOT exist,No,114814,20,28530,6048,EUR,1/11/2024,EXW,orange sweet potato&purple sweet chips85,UETU5765627,ME-23151981,Y40H,7296073406600,560.000,6720,112147,ES,6030,204776,TARRAGONA,,,,"פודז .אקס בע""מ",Viube foods,ORIAN,,12,HAIFA_BAY,0.085,0,רוניוק ענת,לירן וייגמן
"114814, 30",Yes,Order Exists,Shipping Record Does NOT exist,Invoice Record Does NOT exist,No,114814,30,28530,2394,EUR,1/11/2024,EXW,striped beetroot&white potato chips 85gr,UETU5765627,ME-23151981,Y40H,7296073406624,210.000,2520,112147,ES,6030,204776,TARRAGONA,,,,"פודז .אקס בע""מ",Viube foods,ORIAN,,12,HAIFA_BAY,0.085,0,רוניוק ענת,לירן וייגמן
"114849, 10",Yes,Order Exists,Shipping Record Does NOT exist,Invoice Record Does NOT exist,No,114849,10,28531,20350.83,EUR,20/1/2024,FOB,double cookey gluten free,SEGU2669186,ZIMUHAM-81054045,Y020,7296073243342,"2,783.000",19481,111401,DE,6030,204776,HAMBURG,,,,"פודז .אקס בע""מ",Coppenrath Feingeback Gmbh,ORIAN,,7,HAIFA_BAY,0.3,124.31,רוניוק ענת,סיון ליבל אברהם
"114619, 10",Yes,Order Exists,Shipping Record Does NOT exist,Invoice Record Does NOT exist,No,114619,10,28593,15032.16,EUR,2/12/2024,FOB,wafer cubes hazel nuts 250 gr,MCLU5114625,BORUWLB171VNHF02,Y4H,7296073226536,"1,584.000",15840,110030,IT,6032,204776,GENOA,,,,"פודז .אקס בע""מ",BALCONI SPA,ORIAN,,10,ASHDOD,0.25,0,רוניוק ענת,נדב ליבוביץ
"114619, 20",Yes,Order Exists,Shipping Record Does NOT exist,Invoice Record Does NOT exist,No,114619,20,28593,11615.76,EUR,2/12/2024,FOB,wafer cubes chocolate 250 gr,MCLU5114625,BORUWLB171VNHF02,Y4H,7296073226529,"1,224.000",12240,110030,IT,6032,204776,GENOA,,,,"פודז .אקס בע""מ",BALCONI SPA,ORIAN,,10,ASHDOD,0.25,0,רוניוק ענת,נדב ליבוביץ
"114758, 30",Yes,Order Exists,Shipping Record Does NOT exist,Invoice Record Does NOT exist,No,114758,30,28600,24619.68,EUR,20/1/2024,FOB,REGUIAR GREEN BEANS BH3(800G),ZMOU8817163,ZIMUANR-81065633,Y40R,7296073173212,"2,085.000",25020,110621,BE,6033,204776,ANTWERPEN,,,,"פודז .אקס בע""מ",ARDO NV\SA,ORIAN,,12,HAIFA_BAY,0.8,177.12,רוניוק ענת,רונן נג'מיאן
"114758, 50",Yes,Order Exists,Shipping Record Does NOT exist,Invoice Record Does NOT exist,No,114758,50,28610,29273.4,EUR,20/1/2024,FOB,EXTRA FINE GARDEN PEAS EK1(600G),ZMOU8884217,ZIMUANR-81065689,Y40R,7296073173199,"2,340.000",35100,110621,BE,6033,204776,ANTWERPEN,,,,"פודז .אקס בע""מ",ARDO NV\SA,ORIAN,,15,HAIFA_BAY,0.6,0,רוניוק ענת,רונן נג'מיאן
"114758, 40",Yes,Order Exists,Shipping Record Does NOT exist,Invoice Record Does NOT exist,No,114758,40,28615,19042.56,EUR,27/1/2024,FOB,GREEN PEAS,ZCLU9940124,ZIMUANR-81065634,Y40R,7296073224891,"1,710.000",20520,110621,BE,6033,204776,ANTWERPEN,,,,"פודז .אקס בע""מ",ARDO NV\SA,ORIAN,,12,HAIFA_BAY,0.8,4008.96,רוניוק ענת,רונן נג'מיאן
"114838, 10",Yes,Order Exists,Shipping Record Does NOT exist,Invoice Record Does NOT exist,No,114838,10,28652,1207.22,EUR,19/1/2024,EXW,tomatoes gnocchi 500gr,TRHU2693602,ZIMUN-AP109763,Y020,7296073291930,176.000,2112,110976,IT,6030,204776,NAPLES,,,,"פודז .אקס בע""מ",CIEMME ALIMENTARI S.R.L,ORIAN,,12,HAIFA_BAY,0.5,0,רוניוק ענת,איתי אביטן-קולינרי
"114838, 20",Yes,Order Exists,Shipping Record Does NOT exist,Invoice Record Does NOT exist,No,114838,20,28652,1124.91,EUR,19/1/2024,EXW,spinach gnocchi 500gr,TRHU2693602,ZIMUN-AP109763,Y020,7296073291947,164.000,1968,110976,IT,6030,204776,NAPLES,,,,"פודז .אקס בע""מ",CIEMME ALIMENTARI S.R.L,ORIAN,,12,HAIFA_BAY,0.5,0,רוניוק ענת,איתי אביטן-קולינרי
"114838, 30",Yes,Order Exists,Shipping Record Does NOT exist,Invoice Record Does NOT exist,No,114838,30,28652,9310.24,EUR,19/1/2024,EXW,potato gnocchi 500gr,TRHU2693602,ZIMUN-AP109763,Y020,7296073291916,"1,613.000",19356,110976,IT,6030,204776,NAPLES,,,,"פודז .אקס בע""מ",CIEMME ALIMENTARI S.R.L,ORIAN,,12,HAIFA_BAY,0.5,0,רוניוק ענת,איתי אביטן-קולינרי
"114838, 40",Yes,Order Exists,Shipping Record Does NOT exist,Invoice Record Does NOT exist,No,114838,40,28652,3497.83,EUR,19/1/2024,EXW,mini potato gnocchi 500gr,TRHU2693602,ZIMUN-AP109763,Y020,7296073291923,606.000,7272,110976,IT,6030,204776,NAPLES,,,,"פודז .אקס בע""מ",CIEMME ALIMENTARI S.R.L,ORIAN,,12,HAIFA_BAY,0.5,0,רוניוק ענת,איתי אביטן-קולינרי
"114756, 10",Yes,Order Exists,Shipping Record Does NOT exist,Invoice Record Does NOT exist,No,114756,10,28663,8294.4,EUR,19/1/2024,EXW,sfogliette pizza 180 gr,ZCSU7798171,ZIMUN-AP109762,Y40H,7296073423652,"1,080.000",12960,112217,IT,6030,204776,NAPLES,,,,"פודז .אקס בע""מ",EUROSNACK s.r.l,ORIAN,,12,HAIFA_BAY,0.18,0,רוניוק ענת,לירן וייגמן
"114756, 20",Yes,Order Exists,Shipping Record Does NOT exist,Invoice Record Does NOT exist,No,114756,20,28663,3317.76,EUR,19/1/2024,EXW,sfogliette with olives 180 gr,ZCSU7798171,ZIMUN-AP109762,Y40H,7296073423669,432.000,5184,112217,IT,6030,204776,NAPLES,,,,"פודז .אקס בע""מ",EUROSNACK s.r.l,ORIAN,,12,HAIFA_BAY,0.18,0,רוניוק ענת,לירן וייגמן
"114756, 30",Yes,Order Exists,Shipping Record Does NOT exist,Invoice Record Does NOT exist,No,114756,30,28663,4976.64,EUR,19/1/2024,EXW,sfogliette with rosemary 180 gr,ZCSU7798171,ZIMUN-AP109762,Y40H,7296073423676,648.000,7776,112217,IT,6030,204776,NAPLES,,,,"פודז .אקס בע""מ",EUROSNACK s.r.l,ORIAN,,12,HAIFA_BAY,0.18,0,רוניוק ענת,לירן וייגמן
"114792, 10",Yes,Order Exists,Shipping Record Does NOT exist,Invoice Record Does NOT exist,No,114792,10,28669,80196,EUR,23/2/2024,EXW,glutten free gnocchi,TRHU3258404,ZIMUN-AP110019,Y20,7296073205111,"2,500.000",80196,110976,IT,6030,204776,NAPLES,,,,"פודז .אקס בע""מ",CIEMME ALIMENTARI S.R.L,ORIAN,,12,HAIFA_BAY,0.5,2004,רוניוק ענת,סיון ליבל אברהם
"114792, 10",Yes,Order Exists,Shipping Record Does NOT exist,Invoice Record Does NOT exist,No,114792,10,28669,80196,EUR,23/2/2024,EXW,glutten free gnocchi,ZIMU3195179,ZIMUN-AP110019,Y20,7296073205111,"2,500.000",80196,110976,IT,6030,204776,NAPLES,,,,"פודז .אקס בע""מ",CIEMME ALIMENTARI S.R.L,ORIAN,,12,HAIFA_BAY,0.5,2004,רוניוק ענת,סיון ליבל אברהם
"114792, 10",Yes,Order Exists,Shipping Record Does NOT exist,Invoice Record Does NOT exist,No,114792,10,28669,80196,EUR,23/2/2024,EXW,glutten free gnocchi,GLDU9806847,ZIMUN-AP110019,Y20,7296073205111,"1,683.000",80196,110976,IT,6030,204776,NAPLES,,,,"פודז .אקס בע""מ",CIEMME ALIMENTARI S.R.L,ORIAN,,12,HAIFA_BAY,0.5,2004,רוניוק ענת,סיון ליבל אברהם
"114792, 20",Yes,Order Exists,Shipping Record Does NOT exist,Invoice Record Does NOT exist,No,114792,20,28669,9984,EUR,23/2/2024,EXW,gnocchi tri-color gluten free,GLDU9806847,ZIMUN-AP110019,Y20,7296073298588,640.000,7680,110976,IT,6030,204776,NAPLES,,,,"פודז .אקס בע""מ",CIEMME ALIMENTARI S.R.L,ORIAN,,12,HAIFA_BAY,0.5,156,רוניוק ענת,סיון ליבל אברהם
"114745, 10",Yes,Order Exists,Shipping Record Does NOT exist,Invoice Record Does NOT exist,No,114745,10,28689,9900.16,EUR,2/2/2024,EXW,Gluten free spaghetti,FCIU8942874,ZIMUGO-A1065165,Y4H,7296073630890,876.000,10512,111592,IT,6030,204776,GENOA,,,,"פודז .אקס בע""מ",pastificio mennucci s.p.a,ORIAN,,12,HAIFA_BAY,0.4,0,רוניוק ענת,סיון ליבל אברהם
"114745, 20",Yes,Order Exists,Shipping Record Does NOT exist,Invoice Record Does NOT exist,No,114745,20,28689,8160.2,EUR,2/2/2024,EXW,Gluten free fusilli,FCIU8942874,ZIMUGO-A1065165,Y4H,7296073630906,720.000,8640,111592,IT,6030,204776,GENOA,,,,"פודז .אקס בע""מ",pastificio mennucci s.p.a,ORIAN,,12,HAIFA_BAY,0.4,0,רוניוק ענת,סיון ליבל אברהם
"114745, 30",Yes,Order Exists,Shipping Record Does NOT exist,Invoice Record Does NOT exist,No,114745,30,28689,4946.12,EUR,2/2/2024,EXW,Gluten free penne,FCIU8942874,ZIMUGO-A1065165,Y4H,7296073630913,432.000,5184,111592,IT,6030,204776,GENOA,,,,"פודז .אקס בע""מ",pastificio mennucci s.p.a,ORIAN,,12,HAIFA_BAY,0.4,0,רוניוק ענת,סיון ליבל אברהם
"114819, 10",Yes,Order Exists,Shipping Record Does NOT exist,Invoice Record Does NOT exist,No,114819,10,28706,22317.12,EUR,2/12/2024,FOB,REGUIAR GREEN BEANS BH3(800G),ZMOU8963574,ZIMUANR-81066085,Y4R,7296073173212,"1,890.000",22680,110621,BE,6033,204776,ANTWERPEN,,,,"פודז .אקס בע""מ",ARDO NV\SA,ORIAN,,12,HAIFA_BAY,0.8,0,רוניוק ענת,רונן נג'מיאן
"114699, 40",Yes,Order Exists,Shipping Record Does NOT exist,Invoice Record Does NOT exist,No,114699,40,28709,19760,EUR,2/2/2024,FOB,Finely Chopped Tomatoes 3x400,TEMU4674486,ZIMUN-AP109824,Y20,7296073497745,"1,900.000",15200,110731,IT,6030,204776,SALERNO,,,,"פודז .אקס בע""מ",LA DORIA S.p.A,ORIAN,,8,HAIFA_BAY,1.2,0,רוניוק ענת,איתי אביטן-קולינרי
"114557, 10",Yes,Order Exists,Shipping Record Does NOT exist,Invoice Record Does NOT exist,No,114557,10,28712,13896,EUR,13/2/2024,FOB,green pasta sauce garlic 350 gr,MCLU3613646,BORUWCH755GEHF05,Y20,7296073205692,"1,200.000",14400,110731,IT,6030,204776,SALERNO,,,,"פודז .אקס בע""מ",LA DORIA S.p.A,ORIAN,,12,HAIFA,0.35,5442.6,רוניוק ענת,סיון ליבל אברהם
"114557, 20",Yes,Order Exists,Shipping Record Does NOT exist,Invoice Record Does NOT exist,No,114557,20,28712,20844,EUR,13/2/2024,FOB,green pasta sauce basail 350 gr,MCLU3613646,BORUWCH755GEHF05,Y20,7296073205708,"1,800.000",21600,110731,IT,6030,204776,SALERNO,,,,"פודז .אקס בע""מ",LA DORIA S.p.A,ORIAN,,12,HAIFA,0.35,1192.74,רוניוק ענת,סיון ליבל אברהם
"114557, 30",Yes,Order Exists,Shipping Record Does NOT exist,Invoice Record Does NOT exist,No,114557,30,28712,15633,EUR,13/2/2024,FOB,green pasta sauce garlic 350 gr,MCLU3093879,BORUWCH755GEHF05,Y20,7296073205692,"1,350.000",16200,110731,IT,6030,204776,SALERNO,,,,"פודז .אקס בע""מ",LA DORIA S.p.A,ORIAN,,12,HAIFA,0.35,0,רוניוק ענת,סיון ליבל אברהם
"114557, 40",Yes,Order Exists,Shipping Record Does NOT exist,Invoice Record Does NOT exist,No,114557,40,28712,19107,EUR,13/2/2024,FOB,green pasta sauce basail 350 gr,MCLU3093879,BORUWCH755GEHF05,Y20,7296073205708,"1,650.000",19800,110731,IT,6030,204776,SALERNO,,,,"פודז .אקס בע""מ",LA DORIA S.p.A,ORIAN,,12,HAIFA,0.35,0,רוניוק ענת,סיון ליבל אברהם
"115092, 10",Yes,Order Exists,Shipping Record Does NOT exist,Invoice Record Does NOT exist,No,115092,10,28715,404611.2,USD,2/11/2024,FOB,Extra Virgin Olive Oil 750 ml Glass Bott,ZCSU6102782,ZIMUIZM-24933682,Y40,7296073675020,"1,680.000",60480,112588,TR,6030,204776,İZMİR,,,,"פודז .אקס בע""מ",poyraz zeytinyagi tarim san ve,ORIAN,,12,HAIFA_BAY,0.75,0,רוניוק ענת,איתי אביטן-קולינרי
"115092, 10",Yes,Order Exists,Shipping Record Does NOT exist,Invoice Record Does NOT exist,No,115092,10,28715,404611.2,USD,2/11/2024,FOB,Extra Virgin Olive Oil 750 ml Glass Bott,ZCSU7410223,ZIMUIZM-24933682,Y40,7296073675020,"1,680.000",60480,112588,TR,6030,204776,İZMİR,,,,"פודז .אקס בע""מ",poyraz zeytinyagi tarim san ve,ORIAN,,12,HAIFA_BAY,0.75,0,רוניוק ענת,איתי אביטן-קולינרי
"115092, 10",Yes,Order Exists,Shipping Record Does NOT exist,Invoice Record Does NOT exist,No,115092,10,28715,404611.2,USD,2/11/2024,FOB,Extra Virgin Olive Oil 750 ml Glass Bott,ZCSU7560706,ZIMUIZM-24933682,Y40,7296073675020,"1,680.000",60480,112588,TR,6030,204776,İZMİR,,,,"פודז .אקס בע""מ",poyraz zeytinyagi tarim san ve,ORIAN,,12,HAIFA_BAY,0.75,0,רוניוק ענת,איתי אביטן-קולינרי
"114744, 20",Yes,Order Exists,Shipping Record Does NOT exist,Invoice Record Does NOT exist,No,114744,20,28742,,USD,26/3/2024,FOB,organic chestnuts,TGBU9867425,00011255,Y40H,7296073254256,"2,679.000",133950,110542,NL,6032,204776,XINGANG,,2008193900,MSC (ISRAEL) LTD,"פודז .אקס בע""מ",Maas-Intersales,ORIAN,,50,HAIFA,0.1,,,
"114696, 20",Yes,Order Exists,Shipping Record Does NOT exist,Invoice Record Does NOT exist,No,114696,20,28744,11793.6,EUR,19/2/2024,FOB,MIX PEAS AND CARROT,ZMOU8960847,ZIMUANR-81065993,Y4R,7296073224907,"1,170.000",14040,110621,BE,6033,204776,ANTWERPEN,,,,"פודז .אקס בע""מ",ARDO NV\SA,ORIAN,,12,HAIFA_BAY,0.8,0,רוניוק ענת,רונן נג'מיאן
"114696, 30",Yes,Order Exists,Shipping Record Does NOT exist,Invoice Record Does NOT exist,No,114696,30,28744,6013.44,EUR,19/2/2024,FOB,GREEN PEAS,ZMOU8960847,ZIMUANR-81065993,Y4R,7296073224891,540.000,6480,110621,BE,6033,204776,ANTWERPEN,,,,"פודז .אקס בע""מ",ARDO NV\SA,ORIAN,,12,HAIFA_BAY,0.8,6013.44,רוניוק ענת,רונן נג'מיאן
"114696, 50",Yes,Order Exists,Shipping Record Does NOT exist,Invoice Record Does NOT exist,No,114696,50,28747,24796.8,EUR,19/2/2024,FOB,REGUIAR GREEN BEANS BH3(800G),ZMOU8889440,ZIMUANR-81066068,Y4R,7296073173212,"2,100.000",25200,110621,BE,6033,204776,ANTWERPEN,,,,"פודז .אקס בע""מ",ARDO NV\SA,ORIAN,,12,HAIFA_BAY,0.8,0,רוניוק ענת,רונן נג'מיאן
"114819, 20",Yes,Order Exists,Shipping Record Does NOT exist,Invoice Record Does NOT exist,No,114819,20,28754,24045.12,EUR,26/2/2024,FOB,GREEN PEAS,ZMOU8817116,ZIMUANR-81066090,Y4R,7296073224891,"2,070.000",24840,110621,BE,6033,204776,ANTWERPEN,,,,"פודז .אקס בע""מ",ARDO NV\SA,ORIAN,,12,HAIFA_BAY,0.8,0,רוניוק ענת,רונן נג'מיאן
"114696, 40",Yes,Order Exists,Shipping Record Does NOT exist,Invoice Record Does NOT exist,No,114696,40,28762,24834.6,EUR,26/2/2024,FOB,EXTRA FINE GREEN BEANS BH1(600G),ZMOU8846860,ZIMUANR-81066498,Y4R,7296073173205,"1,890.000",28350,110621,BE,6033,204776,ANTWERPEN,,,,"פודז .אקס בע""מ",ARDO NV\SA,ORIAN,,15,HAIFA_BAY,0.6,394.2,רוניוק ענת,רונן נג'מיאן
"114497, 140",Yes,Order Exists,Shipping Record Does NOT exist,Invoice Record Does NOT exist,No,114497,140,28775,,EUR,29/2/2024,FOB,TOMATO PASTA SAUCE GARLIC 350 GR.,ZIMU3022698,ZIMUGO-A1066078,Y020,7296073180425,788.000,9456,110731,IT,6030,204776,SALERNO,,210320008,ZIM,"פודז .אקס בע""מ",LA DORIA S.p.A,ORIAN,,12,HAIFA_BAY,0.35,,,
"114497, 150",Yes,Order Exists,Shipping Record Does NOT exist,Invoice Record Does NOT exist,No,114497,150,28775,,EUR,29/2/2024,FOB,TOMATO PASTA SAUCE WITH BASILICO 350 GR,ZIMU3022698,ZIMUGO-A1066078,Y020,7296073180432,788.000,9456,110731,IT,6030,204776,SALERNO,,210320008,ZIM,"פודז .אקס בע""מ",LA DORIA S.p.A,ORIAN,,12,HAIFA_BAY,0.35,,,
"114497, 160",Yes,Order Exists,Shipping Record Does NOT exist,Invoice Record Does NOT exist,No,114497,160,28775,,EUR,29/2/2024,FOB,TOMATO PASTA SAUCE BASE FOR BOLOGNSE 350,ZIMU3022698,ZIMUGO-A1066078,Y020,7296073180449,788.000,9456,110731,IT,6030,204776,SALERNO,,210320008,ZIM,"פודז .אקס בע""מ",LA DORIA S.p.A,ORIAN,,12,HAIFA_BAY,0.35,,,
"114497, 170",Yes,Order Exists,Shipping Record Does NOT exist,Invoice Record Does NOT exist,No,114497,170,28775,,EUR,29/2/2024,FOB,Neapolitan sauce 350 gr,ZIMU3022698,ZIMUGO-A1066078,Y020,7296073529934,786.000,9432,110731,IT,6030,204776,SALERNO,,2103200000,ZIM,"פודז .אקס בע""מ",LA DORIA S.p.A,ORIAN,,12,HAIFA_BAY,0.35,,,
"115092, 10",Yes,Order Exists,Shipping Record Does NOT exist,Invoice Record Does NOT exist,No,115092,10,28776,404611.2,USD,25/2/2024,FOB,Extra Virgin Olive Oil 750 ml Glass Bott,TLLU4863006,ZIMUIZM-24935328,Y40,7296073675020,"1,680.000",60480,112588,TR,6030,204776,İZMİR,,,,"פודז .אקס בע""מ",poyraz zeytinyagi tarim san ve,ORIAN,,12,HAIFA_BAY,0.75,0,רוניוק ענת,איתי אביטן-קולינרי
"115092, 10",Yes,Order Exists,Shipping Record Does NOT exist,Invoice Record Does NOT exist,No,115092,10,28776,404611.2,USD,25/2/2024,FOB,Extra Virgin Olive Oil 750 ml Glass Bott,ZCSU6700280,ZIMUIZM-24935328,Y40,7296073675020,"1,680.000",60480,112588,TR,6030,204776,İZMİR,,,,"פודז .אקס בע""מ",poyraz zeytinyagi tarim san ve,ORIAN,,12,HAIFA_BAY,0.75,0,רוניוק ענת,איתי אביטן-קולינרי
"115092, 10",Yes,Order Exists,Shipping Record Does NOT exist,Invoice Record Does NOT exist,No,115092,10,28776,404611.2,USD,25/2/2024,FOB,Extra Virgin Olive Oil 750 ml Glass Bott,ZCSU7460271,ZIMUIZM-24935328,Y40,7296073675020,"1,680.000",60480,112588,TR,6030,204776,İZMİR,,,,"פודז .אקס בע""מ",poyraz zeytinyagi tarim san ve,ORIAN,,12,HAIFA_BAY,0.75,0,רוניוק ענת,איתי אביטן-קולינרי
"114863, 10",Yes,Order Exists,Shipping Record Does NOT exist,Invoice Record Does NOT exist,No,114863,10,28780,38349.18,EUR,23/2/2024,FCA,DARK CHOCOLATE 72% SUGAR FRE,ZCLU9926574,ZIMUGO-A1065047,Y4R,7296073295662,"3,022.000",45330,111816,IT,6032,204776,GENOA,,,,"פודז .אקס בע""מ",ICAM S.p.A.,ORIAN,,15,HAIFA_BAY,0.1,0,רוניוק ענת,סיון ליבל אברהם
"114863, 20",Yes,Order Exists,Shipping Record Does NOT exist,Invoice Record Does NOT exist,No,114863,20,28780,36713.7,EUR,23/2/2024,FCA,MILK CHOCOLATE 32% SUGAR FREEWITH HAZELN,ZCLU9926574,ZIMUGO-A1065047,Y4R,7296073295679,"3,249.000",32490,111816,IT,6032,204776,GENOA,,,,"פודז .אקס בע""מ",ICAM S.p.A.,ORIAN,,10,HAIFA_BAY,0.1,0,רוניוק ענת,סיון ליבל אברהם
"114863, 30",Yes,Order Exists,Shipping Record Does NOT exist,Invoice Record Does NOT exist,No,114863,30,28780,30429.84,EUR,23/2/2024,FCA,MILK CHOCOLATE 32% SUGAR FREE,ZCLU9926574,ZIMUGO-A1065047,Y4R,7296073295655,"2,456.000",36840,111816,IT,6032,204776,GENOA,,,,"פודז .אקס בע""מ",ICAM S.p.A.,ORIAN,,15,HAIFA_BAY,0.1,-2193.03,רוניוק ענת,סיון ליבל אברהם
"114751, 10",Yes,Order Exists,Shipping Record Does NOT exist,Invoice Record Does NOT exist,No,114751,10,28782,,EUR,3/1/2024,EXW,Gluten free spaghetti,DRYU9634550,ZIMUGO-A1066071,Y40H,7296073630890,680.000,8160,111592,IT,6030,204776,GENOA,,,ZIM,"פודז .אקס בע""מ",pastificio mennucci s.p.a,ORIAN,,12,HAIFA_BAY,0.4,,,
"114751, 20",Yes,Order Exists,Shipping Record Does NOT exist,Invoice Record Does NOT exist,No,114751,20,28782,,EUR,3/1/2024,EXW,Gluten free fusilli,ZCSU7602210,ZIMUGO-A1066071,Y40H,7296073630906,720.000,8640,111592,IT,6030,204776,GENOA,,,ZIM,"פודז .אקס בע""מ",pastificio mennucci s.p.a,ORIAN,,12,HAIFA_BAY,0.4,,,
"114751, 30",Yes,Order Exists,Shipping Record Does NOT exist,Invoice Record Does NOT exist,No,114751,30,28782,,EUR,3/1/2024,EXW,Gluten free penne,ZCSU7602210,ZIMUGO-A1066071,Y40H,7296073630913,450.000,5400,111592,IT,6030,204776,GENOA,,,ZIM,"פודז .אקס בע""מ",pastificio mennucci s.p.a,ORIAN,,12,HAIFA_BAY,0.4,,,
"114843, 10",Yes,Order Exists,Shipping Record Does NOT exist,Invoice Record Does NOT exist,No,114843,10,28782,,EUR,3/1/2024,EXW,Gluten free spaghetti,DRYU9634550,ZIMUGO-A1066071,Y40H,7296073630890,"1,020.000",12240,111592,IT,6030,204776,GENOA,,,ZIM,"פודז .אקס בע""מ",pastificio mennucci s.p.a,ORIAN,,12,HAIFA_BAY,0.4,,,
"114843, 20",Yes,Order Exists,Shipping Record Does NOT exist,Invoice Record Does NOT exist,No,114843,20,28782,,EUR,3/1/2024,EXW,Gluten free fusilli,CRSU9068034,ZIMUGO-A1066071,Y40H,7296073630906,720.000,8640,111592,IT,6030,204776,GENOA,,,ZIM,"פודז .אקס בע""מ",pastificio mennucci s.p.a,ORIAN,,12,HAIFA_BAY,0.4,,,
"114843, 20",Yes,Order Exists,Shipping Record Does NOT exist,Invoice Record Does NOT exist,No,114843,20,28782,,EUR,3/1/2024,EXW,Gluten free fusilli,DRYU9634550,ZIMUGO-A1066071,Y40H,7296073630906,720.000,8640,111592,IT,6030,204776,GENOA,,,ZIM,"פודז .אקס בע""מ",pastificio mennucci s.p.a,ORIAN,,12,HAIFA_BAY,0.4,,,
"114843, 30",Yes,Order Exists,Shipping Record Does NOT exist,Invoice Record Does NOT exist,No,114843,30,28782,,EUR,3/1/2024,EXW,Gluten free penne,ZCSU7602210,ZIMUGO-A1066071,Y40H,7296073630913,342.000,4104,111592,IT,6030,204776,GENOA,,,ZIM,"פודז .אקס בע""מ",pastificio mennucci s.p.a,ORIAN,,12,HAIFA_BAY,0.4,,,
"114843, 30",Yes,Order Exists,Shipping Record Does NOT exist,Invoice Record Does NOT exist,No,114843,30,28782,,EUR,3/1/2024,EXW,Gluten free penne,CRSU9068034,ZIMUGO-A1066071,Y40H,7296073630913,792.000,9504,111592,IT,6030,204776,GENOA,,,ZIM,"פודז .אקס בע""מ",pastificio mennucci s.p.a,ORIAN,,12,HAIFA_BAY,0.4,,,
"114843, 30",Yes,Order Exists,Shipping Record Does NOT exist,Invoice Record Does NOT exist,No,114843,30,28782,,EUR,3/1/2024,EXW,Gluten free penne,DRYU9634550,ZIMUGO-A1066071,Y40H,7296073630913,72.000,864,111592,IT,6030,204776,GENOA,,,ZIM,"פודז .אקס בע""מ",pastificio mennucci s.p.a,ORIAN,,12,HAIFA_BAY,0.4,,,
"114497, 180",Yes,Order Exists,Shipping Record Does NOT exist,Invoice Record Does NOT exist,No,114497,180,28789,,EUR,14/3/2024,FOB,TOMATO PASTA SAUCE GARLIC 350 GR.,ZIMU3002602,ZIMUGOA1067005,Y020,7296073180425,788.000,9456,110731,IT,6030,204776,SALERNO,,210320008,ZIM,"פודז .אקס בע""מ",LA DORIA S.p.A,ORIAN,,12,HAIFA_BAY,0.35,,,
"114497, 190",Yes,Order Exists,Shipping Record Does NOT exist,Invoice Record Does NOT exist,No,114497,190,28789,,EUR,14/3/2024,FOB,TOMATO PASTA SAUCE WITH BASILICO 350 GR,ZIMU3002602,ZIMUGOA1067005,Y020,7296073180432,"1,000.000",12000,110731,IT,6030,204776,SALERNO,,210320008,ZIM,"פודז .אקס בע""מ",LA DORIA S.p.A,ORIAN,,12,HAIFA_BAY,0.35,,,
"114497, 200",Yes,Order Exists,Shipping Record Does NOT exist,Invoice Record Does NOT exist,No,114497,200,28789,,EUR,14/3/2024,FOB,TOMATO PASTA SAUCE BASE FOR BOLOGNSE 350,ZIMU3002602,ZIMUGOA1067005,Y020,7296073180449,788.000,9456,110731,IT,6030,204776,SALERNO,,210320008,ZIM,"פודז .אקס בע""מ",LA DORIA S.p.A,ORIAN,,12,HAIFA_BAY,0.35,,,
"114497, 210",Yes,Order Exists,Shipping Record Does NOT exist,Invoice Record Does NOT exist,No,114497,210,28789,,EUR,14/3/2024,FOB,Neapolitan sauce 350 gr,ZIMU3002602,ZIMUGOA1067005,Y020,7296073529934,574.000,6888,110731,IT,6030,204776,SALERNO,,2103200000,ZIM,"פודז .אקס בע""מ",LA DORIA S.p.A,ORIAN,,12,HAIFA_BAY,0.35,,,
"114843, 10",Yes,Order Exists,Shipping Record Does NOT exist,Invoice Record Does NOT exist,No,114843,10,28790,19984.54,EUR,23/2/2024,EXW,Gluten free spaghetti,ZCSU6116343,ZIMUGO-A1065967,Y4H,7296073630890,918.000,21216,111592,IT,6030,204776,GENOA,,,,"פודז .אקס בע""מ",pastificio mennucci s.p.a,ORIAN,,12,HAIFA_BAY,0.4,11529.54,רוניוק ענת,סיון ליבל אברהם
"114843, 10",Yes,Order Exists,Shipping Record Does NOT exist,Invoice Record Does NOT exist,No,114843,10,28790,19984.54,EUR,23/2/2024,EXW,Gluten free spaghetti,BSIU9678505,ZIMUGO-A1065967,Y4H,7296073630890,850.000,21216,111592,IT,6030,204776,GENOA,,,,"פודז .אקס בע""מ",pastificio mennucci s.p.a,ORIAN,,12,HAIFA_BAY,0.4,11529.54,רוניוק ענת,סיון ליבל אברהם
"114843, 20",Yes,Order Exists,Shipping Record Does NOT exist,Invoice Record Does NOT exist,No,114843,20,28790,16697.08,EUR,23/2/2024,EXW,Gluten free fusilli,ZCSU6116343,ZIMUGO-A1065967,Y4H,7296073630906,758.000,17736,111592,IT,6030,204776,GENOA,,,,"פודז .אקס בע""מ",pastificio mennucci s.p.a,ORIAN,,12,HAIFA_BAY,0.4,16267.8,רוניוק ענת,סיון ליבל אברהם
"114843, 20",Yes,Order Exists,Shipping Record Does NOT exist,Invoice Record Does NOT exist,No,114843,20,28790,16697.08,EUR,23/2/2024,EXW,Gluten free fusilli,BSIU9678505,ZIMUGO-A1065967,Y4H,7296073630906,720.000,17736,111592,IT,6030,204776,GENOA,,,,"פודז .אקס בע""מ",pastificio mennucci s.p.a,ORIAN,,12,HAIFA_BAY,0.4,16267.8,רוניוק ענת,סיון ליבל אברהם
"114843, 30",Yes,Order Exists,Shipping Record Does NOT exist,Invoice Record Does NOT exist,No,114843,30,28790,10012.09,EUR,23/2/2024,EXW,Gluten free penne,ZCSU6116343,ZIMUGO-A1065967,Y4H,7296073630913,450.000,10584,111592,IT,6030,204776,GENOA,,,,"פודז .אקס בע""מ",pastificio mennucci s.p.a,ORIAN,,12,HAIFA_BAY,0.4,13689.99,רוניוק ענת,סיון ליבל אברהם
"114843, 30",Yes,Order Exists,Shipping Record Does NOT exist,Invoice Record Does NOT exist,No,114843,30,28790,10012.09,EUR,23/2/2024,EXW,Gluten free penne,BSIU9678505,ZIMUGO-A1065967,Y4H,7296073630913,432.000,10584,111592,IT,6030,204776,GENOA,,,,"פודז .אקס בע""מ",pastificio mennucci s.p.a,ORIAN,,12,HAIFA_BAY,0.4,13689.99,רוניוק ענת,סיון ליבל אברהם
"115000, 10",Yes,Order Exists,Shipping Record Does NOT exist,Invoice Record Does NOT exist,No,115000,10,28816,,EUR,3/7/2024,FOB,PRESERVED LEMON JUICE 200 ML.,IPXU3865034,ZIMUGO-A1065814,Y020,7296073130499,"1,530.000",22950,110157,IT,6030,204776,GENOA,,2009311000,ZIM,"פודז .אקס בע""מ",POLENGHI LAS SRL,ORIAN,,15,HAIFA_BAY,0.2,,,
"115000, 20",Yes,Order Exists,Shipping Record Does NOT exist,Invoice Record Does NOT exist,No,115000,20,28816,,EUR,3/7/2024,FOB,PRESERVED LEMON JUICE 500 ML.,IPXU3865034,ZIMUGO-A1065814,Y020,7296073132400,"1,200.000",7200,110157,IT,6030,204776,GENOA,,2009311000,ZIM,"פודז .אקס בע""מ",POLENGHI LAS SRL,ORIAN,,6,HAIFA_BAY,0.5,,,
"115147, 10",Yes,Order Exists,Shipping Record Does NOT exist,Invoice Record Does NOT exist,No,115147,10,28817,,USD,3/3/2024,FOB,Extra Virgin Olive Oil 750 ml Glass Bott,ZCSU6562387,ZIMUIZM-24936174,Y40H,7296073675020,"1,680.000",20160,112588,TR,6030,204776,İZMİR,,,ZIM,"פודז .אקס בע""מ",poyraz zeytinyagi tarim san ve,ORIAN,,12,HAIFA_BAY,0.75,,,
"115147, 10",Yes,Order Exists,Shipping Record Does NOT exist,Invoice Record Does NOT exist,No,115147,10,28817,,USD,3/3/2024,FOB,Extra Virgin Olive Oil 750 ml Glass Bott,ZCSU6961807,ZIMUIZM-24936174,Y40H,7296073675020,"1,680.000",20160,112588,TR,6030,204776,İZMİR,,,ZIM,"פודז .אקס בע""מ",poyraz zeytinyagi tarim san ve,ORIAN,,12,HAIFA_BAY,0.75,,,
"115147, 10",Yes,Order Exists,Shipping Record Does NOT exist,Invoice Record Does NOT exist,No,115147,10,28817,,USD,3/3/2024,FOB,Extra Virgin Olive Oil 750 ml Glass Bott,ZCSU6986889,ZIMUIZM-24936174,Y40H,7296073675020,"1,680.000",20160,112588,TR,6030,204776,İZMİR,,,ZIM,"פודז .אקס בע""מ",poyraz zeytinyagi tarim san ve,ORIAN,,12,HAIFA_BAY,0.75,,,
"115048, 20",Yes,Order Exists,Shipping Record Does NOT exist,Invoice Record Does NOT exist,No,115048,20,28837,,EUR,3/11/2024,FOB,EXTRA FINE GREEN BEANS BH1(600G),GMOU8879459,ZIMUANR-81066804,Y40R,7296073173205,"1,889.000",28335,110621,BE,6033,204776,ANTWERPEN,,071022008,ZIM,"פודז .אקס בע""מ",ARDO NV\SA,ORIAN,,15,HAIFA_BAY,0.6,,,
"115089, 10",Yes,Order Exists,Shipping Record Does NOT exist,Invoice Record Does NOT exist,No,115089,10,28861,,EUR,15/3/2024,EXW,parsnip sweet potato&beetroot chips 85gr,ZCSU6633027,ME-24024341,Y40H,7296073406617,420.000,5040,112147,ES,6030,204776,TARRAGONA,,2005999000,ZIM,"פודז .אקס בע""מ",Viube foods,ORIAN,,12,HAIFA_BAY,0.085,,,
"115089, 20",Yes,Order Exists,Shipping Record Does NOT exist,Invoice Record Does NOT exist,No,115089,20,28861,,EUR,15/3/2024,EXW,orange sweet potato&purple sweet chips85,ZCSU6633027,ME-24024341,Y40H,7296073406600,700.000,8400,112147,ES,6030,204776,TARRAGONA,,2008999000,ZIM,"פודז .אקס בע""מ",Viube foods,ORIAN,,12,HAIFA_BAY,0.085,,,
"115089, 30",Yes,Order Exists,Shipping Record Does NOT exist,Invoice Record Does NOT exist,No,115089,30,28861,,EUR,15/3/2024,EXW,striped beetroot&white potato chips 85gr,ZCSU6633027,ME-24024341,Y40H,7296073406624,350.000,4200,112147,ES,6030,204776,TARRAGONA,,2008999000,ZIM,"פודז .אקס בע""מ",Viube foods,ORIAN,,12,HAIFA_BAY,0.085,,,
"115048, 40",Yes,Order Exists,Shipping Record Does NOT exist,Invoice Record Does NOT exist,No,115048,40,28865,,EUR,23/4/2024,FOB,CUT GREEN BEANS BG4(800G),SEKU9306736,BORUWNM089ANHF08,Y40H,7296073173229,"2,310.000",27720,110621,BE,6033,204776,ANTWERPEN,,071022008,LUCY BORCHARD,"פודז .אקס בע""מ",ARDO NV\SA,ORIAN,81113060,12,HAIFA,0.8,,,
"115132, 40",Yes,Order Exists,Shipping Record Does NOT exist,Invoice Record Does NOT exist,No,115132,40,28865,,EUR,23/4/2024,FOB,EXTRA FINE GREEN BEANS BH1(600G),SEKU9306356,BORUWNM089ANHF08,Y40H,7296073173205,"1,890.000",28350,110621,BE,6033,204776,ANTWERPEN,,071022008,LUCY BORCHARD,"פודז .אקס בע""מ",ARDO NV\SA,ORIAN,81113060,15,HAIFA,0.6,,,
"115132, 40",Yes,Order Exists,Shipping Record Does NOT exist,Invoice Record Does NOT exist,No,115132,40,28865,,EUR,23/4/2024,FOB,EXTRA FINE GREEN BEANS BH1(600G),OTPU6461187,BORUWNM089ANHF08,Y40H,7296073173205,30.000,450,110621,BE,6033,204776,ANTWERPEN,,071022008,LUCY BORCHARD,"פודז .אקס בע""מ",ARDO NV\SA,ORIAN,81113060,15,HAIFA,0.6,,,
"115132, 50",Yes,Order Exists,Shipping Record Does NOT exist,Invoice Record Does NOT exist,No,115132,50,28865,,EUR,23/4/2024,FOB,REGUIAR GREEN BEANS BH3(800G),OTPU6458666,BORUWNM089ANHF08,Y40H,7296073173212,"2,100.000",25200,110621,BE,6033,204776,ANTWERPEN,,071022008,LUCY BORCHARD,"פודז .אקס בע""מ",ARDO NV\SA,ORIAN,81113060,12,HAIFA,0.8,,,
"115132, 60",Yes,Order Exists,Shipping Record Does NOT exist,Invoice Record Does NOT exist,No,115132,60,28865,,EUR,23/4/2024,FOB,EXTRA FINE GREEN BEANS BH1(600G),OTPU6461187,BORUWNM089ANHF08,Y40H,7296073173205,"1,860.000",27900,110621,BE,6033,204776,ANTWERPEN,,071022008,LUCY BORCHARD,"פודז .אקס בע""מ",ARDO NV\SA,ORIAN,81113060,15,HAIFA,0.6,,,
"114699, 50",Yes,Order Exists,Shipping Record Does NOT exist,Invoice Record Does NOT exist,No,114699,50,28870,,EUR,3/7/2024,FOB,Finely Chopped Tomatoes 3x400,BSIU2959429,ZIMUN-AP110116,Y020,7296073497745,"1,900.000",15200,110731,IT,6030,204776,SALERNO,,2002100000,ZIM,"פודז .אקס בע""מ",LA DORIA S.p.A,ORIAN,,8,HAIFA_BAY,1.2,,,
"115103, 10",Yes,Order Exists,Shipping Record Does NOT exist,Invoice Record Does NOT exist,No,115103,10,28870,,EUR,3/7/2024,FOB,chickpeas brin 380 gr,JZPU1091554,ZIMUN-AP110116,Y020,7296073497189,"1,539.000",18468,110731,IT,6030,204776,SALERNO,,,ZIM,"פודז .אקס בע""מ",LA DORIA S.p.A,ORIAN,,12,HAIFA_BAY,0.38,,,
"115103, 20",Yes,Order Exists,Shipping Record Does NOT exist,Invoice Record Does NOT exist,No,115103,20,28870,,EUR,3/7/2024,FOB,red kidney beans in brin 380 gr,JZPU1091554,ZIMUN-AP110116,Y020,7296073497196,625.000,7500,110731,IT,6030,204776,SALERNO,,2005510000,ZIM,"פודז .אקס בע""מ",LA DORIA S.p.A,ORIAN,,12,HAIFA_BAY,0.38,,,
"115103, 30",Yes,Order Exists,Shipping Record Does NOT exist,Invoice Record Does NOT exist,No,115103,30,28870,,EUR,3/7/2024,FOB,blake beans in brine 380 gr,JZPU1091554,ZIMUN-AP110116,Y020,7296073497226,872.000,10464,110731,IT,6030,204776,SALERNO,,2005510000,ZIM,"פודז .אקס בע""מ",LA DORIA S.p.A,ORIAN,,12,HAIFA_BAY,0.38,,,
"115103, 40",Yes,Order Exists,Shipping Record Does NOT exist,Invoice Record Does NOT exist,No,115103,40,28870,,EUR,3/7/2024,FOB,cannellini beans in brine,JZPU1091554,ZIMUN-AP110116,Y020,7296073497219,879.000,10548,110731,IT,6030,204776,SALERNO,,2005510000,ZIM,"פודז .אקס בע""מ",LA DORIA S.p.A,ORIAN,,12,HAIFA_BAY,0.38,,,
"115057, 10",Yes,Order Exists,Shipping Record Does NOT exist,Invoice Record Does NOT exist,No,115057,10,28910,,EUR,4/8/2024,EXW,protein yoghurt bar with dark choco,MMAU1414247,PLGDY00-00031626,Y40R,7296073393672,873.000,8730,112109,PL,6032,204776,GDYNIA,,1806320000,MAERSK,"פודז .אקס בע""מ",ZAKLADY PRZEMYSLU CUKIERNICZEG,ORIAN,,10,HAIFA,0.16,,,
"115057, 20",Yes,Order Exists,Shipping Record Does NOT exist,Invoice Record Does NOT exist,No,115057,20,28910,,EUR,4/8/2024,EXW,protein caramel bar in milk ckocolat4*40,MMAU1414247,PLGDY00-00031626,Y40R,7296073389941,676.000,6760,112109,PL,6032,204776,GDYNIA,,1806320000,MAERSK,"פודז .אקס בע""מ",ZAKLADY PRZEMYSLU CUKIERNICZEG,ORIAN,,10,HAIFA,0.16,,,
"115057, 30",Yes,Order Exists,Shipping Record Does NOT exist,Invoice Record Does NOT exist,No,115057,30,28910,,EUR,4/8/2024,EXW,protein cocoa bar 4*40g,MMAU1414247,PLGDY00-00031626,Y40R,7296073389927,999.000,9990,112109,PL,6032,204776,GDYNIA,,1806320000,MAERSK,"פודז .אקס בע""מ",ZAKLADY PRZEMYSLU CUKIERNICZEG,ORIAN,,10,HAIFA,0.16,,,
"115048, 10",Yes,Order Exists,Shipping Record Does NOT exist,Invoice Record Does NOT exist,No,115048,10,28932,,EUR,4/2/2024,FOB,GREEN PEAS,TTNU8474278,BORUWSN909ANHF05,Y40H,7296073224891,"2,070.000",24840,110621,BE,6033,204776,ANTWERPEN,,0710210000,LUCY BORCHARD,"פודז .אקס בע""מ",ARDO NV\SA,ORIAN,,12,HAIFA,0.8,,,
"114696, 10",Yes,Order Exists,Shipping Record Does NOT exist,Invoice Record Does NOT exist,No,114696,10,28945,,EUR,4/10/2024,FOB,CUT GREEN BEANS BG4(800G),SEKU9095171,BORUWAM159ANHF04,Y40H,7296073173229,"2,399.000",28788,110621,BE,6033,204776,ANTWERPEN,,071022008,LUCY BORCHARD,"פודז .אקס בע""מ",ARDO NV\SA,ORIAN,,12,HAIFA,0.8,,,
"115111, 10",Yes,Order Exists,Shipping Record Does NOT exist,Invoice Record Does NOT exist,No,115111,10,28948,,EUR,14/4/2024,EXW,Dried organic pitted prunes 250 gr,ZIMU1314113,ZIMUVA-R8000170,Y020,7296073526414,648.000,7776,112406,BG,6032,204776,VARNA,,0813209000,ZIM,"פודז .אקס בע""מ",Serena Ltd,ORIAN,,12,HAIFA_BAY,0.25,,,
"115111, 20",Yes,Order Exists,Shipping Record Does NOT exist,Invoice Record Does NOT exist,No,115111,20,28948,,EUR,14/4/2024,EXW,Dried organic black pitted cherries 100,ZIMU1314113,ZIMUVA-R8000170,Y020,7296073526421,288.000,3456,112406,BG,6032,204776,VARNA,,0813409000,ZIM,"פודז .אקס בע""מ",Serena Ltd,ORIAN,,12,HAIFA_BAY,0.1,,,
"114982, 10",Yes,Order Exists,Shipping Record Does NOT exist,Invoice Record Does NOT exist,No,114982,10,28950,,EUR,18/4/2024,EXW,CORNFLAKES SHUFERSAL 750 GR.,TRHU7298940,DKCPH20-24000580,Y40H,7296073150527,"1,260.000",8820,110397,DK,6030,204776,COPENHAGEN,,190410001,MSC (ISRAEL) LTD,"פודז .אקס בע""מ",CRISPY FOOD,ORIAN,,7,HAIFA,0.75,,,
"114982, 10",Yes,Order Exists,Shipping Record Does NOT exist,Invoice Record Does NOT exist,No,114982,10,28950,,EUR,18/4/2024,EXW,CORNFLAKES SHUFERSAL 750 GR.,TCLU9500582,DKCPH20-24000580,Y40H,7296073150527,"1,260.000",8820,110397,DK,6030,204776,COPENHAGEN,,190410001,MSC (ISRAEL) LTD,"פודז .אקס בע""מ",CRISPY FOOD,ORIAN,,7,HAIFA,0.75,,,
"114982, 10",Yes,Order Exists,Shipping Record Does NOT exist,Invoice Record Does NOT exist,No,114982,10,28950,,EUR,18/4/2024,EXW,CORNFLAKES SHUFERSAL 750 GR.,MSDU8619347,DKCPH20-24000580,Y40H,7296073150527,"1,260.000",8820,110397,DK,6030,204776,COPENHAGEN,,190410001,MSC (ISRAEL) LTD,"פודז .אקס בע""מ",CRISPY FOOD,ORIAN,,7,HAIFA,0.75,,,
"114699, 80",Yes,Order Exists,Shipping Record Does NOT exist,Invoice Record Does NOT exist,No,114699,80,28958,,EUR,4/5/2024,FOB,Finely Chopped Tomatoes 3x400,ZIMU3012982,ZIMUN-AP110370,Y020,7296073497745,"1,900.000",15200,110731,IT,6030,204776,SALERNO,,2002100000,ZIM,"פודז .אקס בע""מ",LA DORIA S.p.A,ORIAN,,8,HAIFA_BAY,1.2,,,
"115162, 10",Yes,Order Exists,Shipping Record Does NOT exist,Invoice Record Does NOT exist,No,115162,10,28968,,EUR,15/5/2024,FOB,chickpeas brin 380 gr,ZIMU3032063,ZIMUN-AP110717,Y020,7296073497189,615.000,7380,110731,IT,6030,204776,SALERNO,,,ZIM,"פודז .אקס בע""מ",LA DORIA S.p.A,ORIAN,81113747,12,HAIFA_BAY,0.38,,,
"115162, 20",Yes,Order Exists,Shipping Record Does NOT exist,Invoice Record Does NOT exist,No,115162,20,28968,,EUR,15/5/2024,FOB,red kidney beans in brin 380 gr,ZIMU3032063,ZIMUN-AP110717,Y020,7296073497196,"2,205.000",26460,110731,IT,6030,204776,SALERNO,,2005510000,ZIM,"פודז .אקס בע""מ",LA DORIA S.p.A,ORIAN,81113747,12,HAIFA_BAY,0.38,,,
"115162, 30",Yes,Order Exists,Shipping Record Does NOT exist,Invoice Record Does NOT exist,No,115162,30,28968,,EUR,15/5/2024,FOB,blake beans in brine 380 gr,ZIMU3032063,ZIMUN-AP110717,Y020,7296073497226,"1,095.000",13140,110731,IT,6030,204776,SALERNO,,2005510000,ZIM,"פודז .אקס בע""מ",LA DORIA S.p.A,ORIAN,81113747,12,HAIFA_BAY,0.38,,,
"114744, 30",Yes,Order Exists,Shipping Record Does NOT exist,Invoice Record Does NOT exist,No,114744,30,28969,,USD,13/7/2024,FOB,organic chestnuts,MSNU5036032,00012213,Y40H,7296073254256,"2,700.000",135000,110542,NL,6032,204776,XINGANG,,2008193900,MSC (ISRAEL) LTD,"פודז .אקס בע""מ",Maas-Intersales,ORIAN,,50,ASHDOD STH,0.1,,,
"115217, 10",Yes,Order Exists,Shipping Record Does NOT exist,Invoice Record Does NOT exist,No,115217,10,28970,,EUR,4/8/2024,FOB,CHOCOLATE CREAM FILLED COOKIES 150 GR,MCLU5083550,BORUWLB179VNHF01,Y40H,7296073161981,598.000,7176,110466,IT,6030,204776,VENICE,,190531004,LUCY BORCHARD,"פודז .אקס בע""מ",VICENZI BISCOTTI S.P.A,ORIAN,,12,ASHDOD,0.15,,,
"115217, 20",Yes,Order Exists,Shipping Record Does NOT exist,Invoice Record Does NOT exist,No,115217,20,28970,,EUR,4/8/2024,FOB,HAZELNUT CREAM FILLED COOKIES 150 GR,MCLU5083550,BORUWLB179VNHF01,Y40H,7296073162001,"1,400.000",16800,110466,IT,6030,204776,VENICE,,190531004,LUCY BORCHARD,"פודז .אקס בע""מ",VICENZI BISCOTTI S.P.A,ORIAN,,12,ASHDOD,0.15,,,
"115217, 30",Yes,Order Exists,Shipping Record Does NOT exist,Invoice Record Does NOT exist,No,115217,30,28970,,EUR,4/8/2024,FOB,"Ladyfingers ""Shufersal"" 200g",MCLU5052056,BORUWLB179VNHF01,Y40H,7296073218807,"3,005.000",36060,110466,IT,6030,204776,VENICE,,190531004,LUCY BORCHARD,"פודז .אקס בע""מ",VICENZI BISCOTTI S.P.A,ORIAN,,12,ASHDOD,0.2,,,
"115217, 30",Yes,Order Exists,Shipping Record Does NOT exist,Invoice Record Does NOT exist,No,115217,30,28970,,EUR,4/8/2024,FOB,"Ladyfingers ""Shufersal"" 200g",MCLU5083550,BORUWLB179VNHF01,Y40H,7296073218807,350.000,4200,110466,IT,6030,204776,VENICE,,190531004,LUCY BORCHARD,"פודז .אקס בע""מ",VICENZI BISCOTTI S.P.A,ORIAN,,12,ASHDOD,0.2,,,
"115217, 30",Yes,Order Exists,Shipping Record Does NOT exist,Invoice Record Does NOT exist,No,115217,30,28970,,EUR,4/8/2024,FOB,"Ladyfingers ""Shufersal"" 200g",MCLU5094149,BORUWLB179VNHF01,Y40H,7296073218807,"3,005.000",36060,110466,IT,6030,204776,VENICE,,190531004,LUCY BORCHARD,"פודז .אקס בע""מ",VICENZI BISCOTTI S.P.A,ORIAN,,12,ASHDOD,0.2,,,
"115217, 40",Yes,Order Exists,Shipping Record Does NOT exist,Invoice Record Does NOT exist,No,115217,40,28970,,EUR,4/8/2024,FOB,Gluten free cookies chocolate filled,MCLU5083550,BORUWLB179VNHF01,Y40H,7296073426592,"1,500.000",18000,110466,IT,6030,204776,VENICE,,1905310000,LUCY BORCHARD,"פודז .אקס בע""מ",VICENZI BISCOTTI S.P.A,ORIAN,,12,ASHDOD,0.15,,,
"115217, 50",Yes,Order Exists,Shipping Record Does NOT exist,Invoice Record Does NOT exist,No,115217,50,28970,,EUR,4/8/2024,FOB,Gluten free cookies lemon filled,MCLU5083550,BORUWLB179VNHF01,Y40H,7296073426608,400.000,4800,110466,IT,6030,204776,VENICE,,1905310000,LUCY BORCHARD,"פודז .אקס בע""מ",VICENZI BISCOTTI S.P.A,ORIAN,,12,ASHDOD,0.15,,,
"115217, 60",Yes,Order Exists,Shipping Record Does NOT exist,Invoice Record Does NOT exist,No,115217,60,28970,,EUR,4/8/2024,FOB,vanila filled cookies 150 gr,MCLU5083550,BORUWLB179VNHF01,Y40H,7296073526407,800.000,9600,110466,IT,6030,204776,VENICE,,1905310000,LUCY BORCHARD,"פודז .אקס בע""מ",VICENZI BISCOTTI S.P.A,ORIAN,,12,ASHDOD,0.15,,,
"115217, 70",Yes,Order Exists,Shipping Record Does NOT exist,Invoice Record Does NOT exist,No,115217,70,28970,,EUR,4/8/2024,FOB,Gluten Free BISCUITS 125 G,MCLU5083550,BORUWLB179VNHF01,Y40H,7296073526520,200.000,2400,110466,IT,6030,204776,VENICE,,1905310000,LUCY BORCHARD,"פודז .אקס בע""מ",VICENZI BISCOTTI S.P.A,ORIAN,,12,ASHDOD,0.125,,,
"115138, 10",Yes,Order Exists,Shipping Record Does NOT exist,Invoice Record Does NOT exist,No,115138,10,28987,,EUR,21/4/2024,FOB,wafers gluten free 21.5g*3,ZMOU8814544,RTMRE0-00000884,Y40R,7296073277903,"1,741.000",24374,111692,NL,6032,204776,ROTTERDAM,,190532002,ZIM,"פודז .אקס בע""מ",Helwa Wafelbakkerij BV,ORIAN,81113027,14,HAIFA_BAY,0.064,,,
"115138, 20",Yes,Order Exists,Shipping Record Does NOT exist,Invoice Record Does NOT exist,No,115138,20,28987,,EUR,21/4/2024,FOB,wafers no added sugar 21.5g*3,ZMOU8814544,RTMRE0-00000884,Y40R,7296073277941,"2,160.000",30240,111692,NL,6032,204776,ROTTERDAM,,190532002,ZIM,"פודז .אקס בע""מ",Helwa Wafelbakkerij BV,ORIAN,81113027,14,HAIFA_BAY,0.064,,,
"115138, 30",Yes,Order Exists,Shipping Record Does NOT exist,Invoice Record Does NOT exist,No,115138,30,28987,,EUR,21/4/2024,FOB,No added sugar Chocolate wafers 150gram,ZMOU8814544,RTMRE0-00000884,Y40R,7296073626480,"1,259.000",27698,111692,NL,6032,204776,ROTTERDAM,,,ZIM,"פודז .אקס בע""מ",Helwa Wafelbakkerij BV,ORIAN,81113027,22,HAIFA_BAY,0.15,,,
"114712, 30",Yes,Order Exists,Shipping Record Does NOT exist,Invoice Record Does NOT exist,No,114712,30,29007,,USD,28/4/2024,FOB,Sultanas Organic 250 g,GLDU9808449,ZIMUIZM-24942193,Y020,7296073526438,470.000,11280,112401,TR,6032,204776,IZMIR,,0806209000,ZIM,"פודז .אקס בע""מ",Ozgur Tarim Urunleri Israat Sa,ORIAN,81113324,24,HAIFA_BAY,0.25,,,
"114712, 40",Yes,Order Exists,Shipping Record Does NOT exist,Invoice Record Does NOT exist,No,114712,40,29007,,USD,28/4/2024,FOB,Sultanas Organic 500 g,GLDU9808449,ZIMUIZM-24942193,Y020,7296073526445,145.000,2900,112401,TR,6032,204776,IZMIR,,0806209000,ZIM,"פודז .אקס בע""מ",Ozgur Tarim Urunleri Israat Sa,ORIAN,81113324,20,HAIFA_BAY,0.5,,,
"115132, 10",Yes,Order Exists,Shipping Record Does NOT exist,Invoice Record Does NOT exist,No,115132,10,29022,,EUR,5/7/2024,FOB,EXTRA FINE GARDEN PEAS EK1(600G),SEKU9095525,BORUWSN911ANHF06,Y40H,7296073173199,"1,170.000",17550,110621,BE,6033,204776,ANTWERPEN,,071021000,LUCY BORCHARD,"פודז .אקס בע""מ",ARDO NV\SA,ORIAN,81113351,15,HAIFA,0.6,,,
"115132, 30",Yes,Order Exists,Shipping Record Does NOT exist,Invoice Record Does NOT exist,No,115132,30,29022,,EUR,5/7/2024,FOB,MIX PEAS AND CARROT,SEKU9095525,BORUWSN911ANHF06,Y40H,7296073224907,"1,170.000",14040,110621,BE,6033,204776,ANTWERPEN,,071021000,LUCY BORCHARD,"פודז .אקס בע""מ",ARDO NV\SA,ORIAN,81113351,12,HAIFA,0.8,,,
"115115, 10",Yes,Order Exists,Shipping Record Does NOT exist,Invoice Record Does NOT exist,No,115115,10,29032,,EUR,5/7/2024,FOB,EXTRA FINE GREEN BEANS BH1(600G),TEMU9251980,BORUWSN911ANHF05,Y40H,7296073173205,"1,886.000",28290,110621,BE,6033,204776,ANTWERPEN,,071022008,LUCY BORCHARD,"פודז .אקס בע""מ",ARDO NV\SA,ORIAN,81113379,15,HAIFA,0.6,,,
"115144, 10",Yes,Order Exists,Shipping Record Does NOT exist,Invoice Record Does NOT exist,No,115144,10,29033,,EUR,5/8/2024,EXW,parsnip sweet potato&beetroot chips 85gr,ZCSU7353550,ME-24043361,Y40H,7296073406617,490.000,5880,112147,ES,6030,204776,TARRAGONA,,2005999000,ZIM,"פודז .אקס בע""מ",Viube foods,ORIAN,81113369,12,HAIFA_BAY,0.085,,,
"115144, 20",Yes,Order Exists,Shipping Record Does NOT exist,Invoice Record Does NOT exist,No,115144,20,29033,,EUR,5/8/2024,EXW,orange sweet potato&purple sweet chips85,ZCSU7353550,ME-24043361,Y40H,7296073406600,490.000,5880,112147,ES,6030,204776,TARRAGONA,,2008999000,ZIM,"פודז .אקס בע""מ",Viube foods,ORIAN,81113369,12,HAIFA_BAY,0.085,,,
"115144, 30",Yes,Order Exists,Shipping Record Does NOT exist,Invoice Record Does NOT exist,No,115144,30,29033,,EUR,5/8/2024,EXW,striped beetroot&white potato chips 85gr,ZCSU7353550,ME-24043361,Y40H,7296073406624,490.000,5880,112147,ES,6030,204776,TARRAGONA,,2008999000,ZIM,"פודז .אקס בע""מ",Viube foods,ORIAN,81113369,12,HAIFA_BAY,0.085,,,
"115162, 10",Yes,Order Exists,Shipping Record Does NOT exist,Invoice Record Does NOT exist,No,115162,10,29055,,EUR,31/5/2024,FOB,chickpeas brin 380 gr,ZIMU2351826,ZIMUN-AP110792,Y020,7296073497189,"3,915.000",46980,110731,IT,6030,204776,SALERNO,,,ZIM,"פודז .אקס בע""מ",LA DORIA S.p.A,,,12,,0.38,,,
"115119, 10",Yes,Order Exists,Shipping Record Does NOT exist,Invoice Record Does NOT exist,No,115119,10,29066,,EUR,15/5/2024,EXW,tomatoes gnocchi 500gr,ZIMU3148710,ZIMUN-AP110693,Y020,7296073291930,325.000,3900,110976,IT,6030,204776,NAPLES,,190230003,ZIM,"פודז .אקס בע""מ",CIEMME ALIMENTARI S.R.L,ORIAN,81113749,12,HAIFA_BAY,0.5,,,
"115119, 20",Yes,Order Exists,Shipping Record Does NOT exist,Invoice Record Does NOT exist,No,115119,20,29066,,EUR,15/5/2024,EXW,spinach gnocchi 500gr,ZIMU3148710,ZIMUN-AP110693,Y020,7296073291947,256.000,3072,110976,IT,6030,204776,NAPLES,,190230003,ZIM,"פודז .אקס בע""מ",CIEMME ALIMENTARI S.R.L,ORIAN,81113749,12,HAIFA_BAY,0.5,,,
"115119, 30",Yes,Order Exists,Shipping Record Does NOT exist,Invoice Record Does NOT exist,No,115119,30,29066,,EUR,15/5/2024,EXW,potato gnocchi 500gr,ZIMU3148710,ZIMUN-AP110693,Y020,7296073291916,"1,203.000",14436,110976,IT,6030,204776,NAPLES,,190230003,ZIM,"פודז .אקס בע""מ",CIEMME ALIMENTARI S.R.L,ORIAN,81113749,12,HAIFA_BAY,0.5,,,
"115119, 40",Yes,Order Exists,Shipping Record Does NOT exist,Invoice Record Does NOT exist,No,115119,40,29066,,EUR,15/5/2024,EXW,mini potato gnocchi 500gr,ZIMU3148710,ZIMUN-AP110693,Y020,7296073291923,825.000,9900,110976,IT,6030,204776,NAPLES,,190230003,ZIM,"פודז .אקס בע""מ",CIEMME ALIMENTARI S.R.L,ORIAN,81113749,12,HAIFA_BAY,0.5,,,
"115132, 20",Yes,Order Exists,Shipping Record Does NOT exist,Invoice Record Does NOT exist,No,115132,20,29108,,EUR,6/4/2024,FOB,REGUIAR GREEN BEANS BH3(800G),OTPU6528927,BORUWKA109ANHF03,Y40H,7296073173212,"2,100.000",25200,110621,BE,6033,204776,ANTWERPEN,,071022008,LUCY BORCHARD,"פודז .אקס בע""מ",ARDO NV\SA,,,12,,0.8,,,
"115202, 10",Yes,Order Exists,Shipping Record Does NOT exist,Invoice Record Does NOT exist,No,115202,10,29108,,EUR,6/4/2024,FOB,CUT GREEN BEANS BG4(800G),OTPU6523993,BORUWKA109ANHF03,Y40H,7296073173229,"2,310.000",27720,110621,BE,6033,204776,ANTWERPEN,,071022008,LUCY BORCHARD,"פודז .אקס בע""מ",ARDO NV\SA,,,12,,0.8,,,
"115271, 10",Yes,Order Exists,Shipping Record Does NOT exist,Invoice Record Does NOT exist,No,115271,10,29141,,EUR,31/5/2024,EXW,Gluten free spaghetti,ZCSU7333615,ZIMUGO-A1069782,Y40H,7296073630890,"1,029.000",12348,111592,IT,6030,204776,GENOA,,,ZIM,"פודז .אקס בע""מ",pastificio mennucci s.p.a,,,12,,0.4,,,
"115271, 20",Yes,Order Exists,Shipping Record Does NOT exist,Invoice Record Does NOT exist,No,115271,20,29141,,EUR,31/5/2024,EXW,Gluten free fusilli,ZCSU7333615,ZIMUGO-A1069782,Y40H,7296073630906,"1,141.000",13692,111592,IT,6030,204776,GENOA,,,ZIM,"פודז .אקס בע""מ",pastificio mennucci s.p.a,,,12,,0.4,,,
"115202, 20",Yes,Order Exists,Shipping Record Does NOT exist,Invoice Record Does NOT exist,No,115202,20,29145,,EUR,18/6/2024,FOB,EXTRA FINE GARDEN PEAS EK1(600G),CAAU4003922,BORUWAM163ANHF09,Y40R,7296073173199,"2,340.000",35100,110621,BE,6033,204776,ANTWERPEN,,071021000,LUCY BORCHARD,"פודז .אקס בע""מ",ARDO NV\SA,,,15,,0.6,,,
"115239, 10",Yes,Order Exists,Shipping Record Does NOT exist,Invoice Record Does NOT exist,No,115239,10,29152,,EUR,6/11/2024,FOB,PRESERVED LEMON JUICE 200 ML.,MCLU5089395,BORUWRA953GEHF05,Y40H,7296073130499,"1,530.000",22950,110157,IT,6030,204776,GENOA,,2009311000,LUCY BORCHARD,"פודז .אקס בע""מ",POLENGHI LAS SRL,,,15,,0.2,,,
"115239, 20",Yes,Order Exists,Shipping Record Does NOT exist,Invoice Record Does NOT exist,No,115239,20,29152,,EUR,6/11/2024,FOB,PRESERVED LEMON JUICE 500 ML.,MCLU5089395,BORUWRA953GEHF05,Y40H,7296073132400,"2,400.000",14400,110157,IT,6030,204776,GENOA,,2009311000,LUCY BORCHARD,"פודז .אקס בע""מ",POLENGHI LAS SRL,,,6,,0.5,,,
"115239, 40",Yes,Order Exists,Shipping Record Does NOT exist,Invoice Record Does NOT exist,No,115239,40,29152,,EUR,6/11/2024,FOB,Natural Lemon Juice 250ml.,MCLU5089395,BORUWRA953GEHF05,Y40H,7296073404903,"1,025.000",12300,110157,IT,6030,204776,GENOA,,2009311000,LUCY BORCHARD,"פודז .אקס בע""מ",POLENGHI LAS SRL,,,12,,0.25,,,
"115247, 10",Yes,Order Exists,Shipping Record Does NOT exist,Invoice Record Does NOT exist,No,115247,10,29153,,EUR,6/7/2024,EXW,tomatoes gnocchi 500gr,ZIMU3004816,ZIMUN-AP110818,Y020,7296073291930,140.000,1680,110976,IT,6030,204776,NAPLES,,190230003,ZIM,"פודז .אקס בע""מ",CIEMME ALIMENTARI S.R.L,,,12,,0.5,,,
"115247, 10",Yes,Order Exists,Shipping Record Does NOT exist,Invoice Record Does NOT exist,No,115247,10,29153,,EUR,6/7/2024,EXW,tomatoes gnocchi 500gr,ZIMU3183990,ZIMUN-AP110818,Y020,7296073291930,170.000,2040,110976,IT,6030,204776,NAPLES,,190230003,ZIM,"פודז .אקס בע""מ",CIEMME ALIMENTARI S.R.L,,,12,,0.5,,,
"115247, 20",Yes,Order Exists,Shipping Record Does NOT exist,Invoice Record Does NOT exist,No,115247,20,29153,,EUR,6/7/2024,EXW,spinach gnocchi 500gr,ZIMU3004816,ZIMUN-AP110818,Y020,7296073291947,409.000,4908,110976,IT,6030,204776,NAPLES,,190230003,ZIM,"פודז .אקס בע""מ",CIEMME ALIMENTARI S.R.L,,,12,,0.5,,,
"115247, 30",Yes,Order Exists,Shipping Record Does NOT exist,Invoice Record Does NOT exist,No,115247,30,29153,,EUR,6/7/2024,EXW,potato gnocchi 500gr,ZIMU3004816,ZIMUN-AP110818,Y020,7296073291916,"1,717.000",20604,110976,IT,6030,204776,NAPLES,,190230003,ZIM,"פודז .אקס בע""מ",CIEMME ALIMENTARI S.R.L,,,12,,0.5,,,
"115247, 30",Yes,Order Exists,Shipping Record Does NOT exist,Invoice Record Does NOT exist,No,115247,30,29153,,EUR,6/7/2024,EXW,potato gnocchi 500gr,ZIMU3183990,ZIMUN-AP110818,Y020,7296073291916,"1,635.000",19620,110976,IT,6030,204776,NAPLES,,190230003,ZIM,"פודז .אקס בע""מ",CIEMME ALIMENTARI S.R.L,,,12,,0.5,,,
"115247, 40",Yes,Order Exists,Shipping Record Does NOT exist,Invoice Record Does NOT exist,No,115247,40,29153,,EUR,6/7/2024,EXW,mini potato gnocchi 500gr,ZIMU3004816,ZIMUN-AP110818,Y020,7296073291923,280.000,3360,110976,IT,6030,204776,NAPLES,,190230003,ZIM,"פודז .אקס בע""מ",CIEMME ALIMENTARI S.R.L,,,12,,0.5,,,
"115247, 40",Yes,Order Exists,Shipping Record Does NOT exist,Invoice Record Does NOT exist,No,115247,40,29153,,EUR,6/7/2024,EXW,mini potato gnocchi 500gr,ZIMU3183990,ZIMUN-AP110818,Y020,7296073291923,752.000,9024,110976,IT,6030,204776,NAPLES,,190230003,ZIM,"פודז .אקס בע""מ",CIEMME ALIMENTARI S.R.L,,,12,,0.5,,,
"115233, 60",Yes,Order Exists,Shipping Record Does NOT exist,Invoice Record Does NOT exist,No,115233,60,29223,,EUR,17/6/2024,FOB,"Ladyfingers ""Shufersal"" 200g",MCLU5091160,BORUWLB189VNHF02,Y40H,7296073218807,"3,005.000",36060,110466,IT,6030,204776,VENICE,,190531004,LUCY BORCHARD,"פודז .אקס בע""מ",VICENZI BISCOTTI S.P.A,,,12,,0.2,,,
"115173, 10",Yes,Order Exists,Shipping Record Does NOT exist,Invoice Record Does NOT exist,No,115173,10,29240,,EUR,27/6/2024,EXW,parsnip sweet potato&beetroot chips 85gr,ZCSU7066118,ME-24068711,Y40H,7296073406617,420.000,5040,112147,ES,6030,204776,TARRAGONA,,2005999000,ZIM,"פודז .אקס בע""מ",Viube foods,,,12,,0.085,,,
"115173, 20",Yes,Order Exists,Shipping Record Does NOT exist,Invoice Record Does NOT exist,No,115173,20,29240,,EUR,27/6/2024,EXW,orange sweet potato&purple sweet chips85,ZCSU7066118,ME-24068711,Y40H,7296073406600,700.000,8400,112147,ES,6030,204776,TARRAGONA,,2008999000,ZIM,"פודז .אקס בע""מ",Viube foods,,,12,,0.085,,,
"115173, 30",Yes,Order Exists,Shipping Record Does NOT exist,Invoice Record Does NOT exist,No,115173,30,29240,,EUR,27/6/2024,EXW,striped beetroot&white potato chips 85gr,ZCSU7066118,ME-24068711,Y40H,7296073406624,350.000,4200,112147,ES,6030,204776,TARRAGONA,,2008999000,ZIM,"פודז .אקס בע""מ",Viube foods,,,12,,0.085,,,
"115233, 10",Yes,Order Exists,Shipping Record Does NOT exist,Invoice Record Does NOT exist,No,115233,10,29267,,EUR,7/1/2024,FOB,Gluten free cookies chocolate filled,GAOU6878885,BORUWLB191VNHF01,Y40H,7296073426592,896.000,10752,110466,IT,6030,204776,VENICE,,1905310000,LUCY BORCHARD,"פודז .אקס בע""מ",VICENZI BISCOTTI S.P.A,ORIAN,,12,ASHDOD,0.15,,,
"115233, 20",Yes,Order Exists,Shipping Record Does NOT exist,Invoice Record Does NOT exist,No,115233,20,29267,,EUR,7/1/2024,FOB,Gluten free cookies lemon filled,GAOU6878885,BORUWLB191VNHF01,Y40H,7296073426608,346.000,4152,110466,IT,6030,204776,VENICE,,1905310000,LUCY BORCHARD,"פודז .אקס בע""מ",VICENZI BISCOTTI S.P.A,ORIAN,,12,ASHDOD,0.15,,,
"115233, 30",Yes,Order Exists,Shipping Record Does NOT exist,Invoice Record Does NOT exist,No,115233,30,29267,,EUR,7/1/2024,FOB,Gluten Free BISCUITS 125 G,GAOU6878885,BORUWLB191VNHF01,Y40H,7296073526520,451.000,5412,110466,IT,6030,204776,VENICE,,1905310000,LUCY BORCHARD,"פודז .אקס בע""מ",VICENZI BISCOTTI S.P.A,ORIAN,,12,ASHDOD,0.125,,,
"115233, 40",Yes,Order Exists,Shipping Record Does NOT exist,Invoice Record Does NOT exist,No,115233,40,29267,,EUR,7/1/2024,FOB,CHOCOLATE CREAM FILLED COOKIES 150 GR,GAOU6878885,BORUWLB191VNHF01,Y40H,7296073161981,"1,496.000",17952,110466,IT,6030,204776,VENICE,,190531004,LUCY BORCHARD,"פודז .אקס בע""מ",VICENZI BISCOTTI S.P.A,ORIAN,,12,ASHDOD,0.15,,,
"115233, 50",Yes,Order Exists,Shipping Record Does NOT exist,Invoice Record Does NOT exist,No,115233,50,29267,,EUR,7/1/2024,FOB,HAZELNUT CREAM FILLED COOKIES 150 GR,GAOU6878885,BORUWLB191VNHF01,Y40H,7296073162001,"1,596.000",19152,110466,IT,6030,204776,VENICE,,190531004,LUCY BORCHARD,"פודז .אקס בע""מ",VICENZI BISCOTTI S.P.A,ORIAN,,12,ASHDOD,0.15,,,
"115233, 60",Yes,Order Exists,Shipping Record Does NOT exist,Invoice Record Does NOT exist,No,115233,60,29267,,EUR,7/1/2024,FOB,"Ladyfingers ""Shufersal"" 200g",GAOU6878885,BORUWLB191VNHF01,Y40H,7296073218807,295.000,3540,110466,IT,6030,204776,VENICE,,190531004,LUCY BORCHARD,"פודז .אקס בע""מ",VICENZI BISCOTTI S.P.A,ORIAN,,12,ASHDOD,0.2,,,
"115222, 30",Yes,Order Exists,Shipping Record Does NOT exist,Invoice Record Does NOT exist,No,115222,30,29282,,EUR,16/7/2024,FOB,GREEN PEAS,BMOU9342433,BORUWSN915ANHF08,Y40R,7296073224891,"2,056.000",24672,110621,BE,6033,204776,ANTWERPEN,,0710210000,LUCY BORCHARD,"פודז .אקס בע""מ",ARDO NV\SA,ORIAN,,12,HAIFA,0.8,,,
"115227, 10",Yes,Order Exists,Shipping Record Does NOT exist,Invoice Record Does NOT exist,No,115227,10,29300,,EUR,7/6/2024,FOB,double cookey gluten free,ZIMU3126497,ZIMUHAM-81059714,Y020,7296073243342,"2,530.000",17710,111401,DE,6030,204776,HAMBURG,,190531004,ZIM,"פודז .אקס בע""מ",Coppenrath Feingeback Gmbh,ORIAN,,7,HAIFA_BAY,0.3,,,
"115290, 10",Yes,Order Exists,Shipping Record Does NOT exist,Invoice Record Does NOT exist,No,115290,10,29305,,EUR,23/7/2024,FOB,REGUIAR GREEN BEANS BH3(800G),SEKU9095090,BORUWAM165ANHF07,Y40H,7296073173212,"2,100.000",25200,110621,BE,6033,204776,ANTWERPEN,,071022008,LUCY BORCHARD,"פודז .אקס בע""מ",ARDO NV\SA,ORIAN,,12,HAIFA,0.8,,,
"115222, 10",Yes,Order Exists,Shipping Record Does NOT exist,Invoice Record Does NOT exist,No,115222,10,29308,,EUR,30/7/2024,FOB,MIX PEAS AND CARROT,OTPU6528362,BORUWSB427ANHF08,Y40H,7296073224907,990.000,11880,110621,BE,6033,204776,ANTWERPEN,,071021000,LUCY BORCHARD,"פודז .אקס בע""מ",ARDO NV\SA,ORIAN,,12,HAIFA,0.8,,,
"115222, 20",Yes,Order Exists,Shipping Record Does NOT exist,Invoice Record Does NOT exist,No,115222,20,29308,,EUR,30/7/2024,FOB,GREEN PEAS,OTPU6528362,BORUWSB427ANHF08,Y40H,7296073224891,"1,260.000",15120,110621,BE,6033,204776,ANTWERPEN,,0710210000,LUCY BORCHARD,"פודז .אקס בע""מ",ARDO NV\SA,ORIAN,,12,HAIFA,0.8,,,
"115297, 10",Yes,Order Exists,Shipping Record Does NOT exist,Invoice Record Does NOT exist,No,115297,10,29316,,EUR,30/7/2024,FOB,Neapolitan sauce 350 gr,MCLU3073846,BORUWSB427GEHF03,Y020,7296073529934,"1,348.000",16176,110731,IT,6030,204776,SALERNO,,2103200000,LUCY BORCHARD,"פודז .אקס בע""מ",LA DORIA S.p.A,ORIAN,,12,HAIFA,0.35,,,
"115297, 20",Yes,Order Exists,Shipping Record Does NOT exist,Invoice Record Does NOT exist,No,115297,20,29316,,EUR,30/7/2024,FOB,TOMATO PASTA SAUCE BASE FOR BOLOGNSE 350,MCLU3073846,BORUWSB427GEHF03,Y020,7296073180449,"1,564.000",18768,110731,IT,6030,204776,SALERNO,,210320008,LUCY BORCHARD,"פודז .אקס בע""מ",LA DORIA S.p.A,ORIAN,,12,HAIFA,0.35,,,
"115297, 50",Yes,Order Exists,Shipping Record Does NOT exist,Invoice Record Does NOT exist,No,115297,50,29316,,EUR,30/7/2024,FOB,TOMATO PASTA SAUCE BASE FOR BOLOGNSE 350,MCLU3066549,BORUWSB427GEHF03,Y020,7296073180449,788.000,9456,110731,IT,6030,204776,SALERNO,,210320008,LUCY BORCHARD,"פודז .אקס בע""מ",LA DORIA S.p.A,ORIAN,,12,HAIFA,0.35,,,
"115297, 60",Yes,Order Exists,Shipping Record Does NOT exist,Invoice Record Does NOT exist,No,115297,60,29316,,EUR,30/7/2024,FOB,Neapolitan sauce 350 gr,MCLU3066549,BORUWSB427GEHF03,Y020,7296073529934,534.000,6408,110731,IT,6030,204776,SALERNO,,2103200000,LUCY BORCHARD,"פודז .אקס בע""מ",LA DORIA S.p.A,ORIAN,,12,HAIFA,0.35,,,
"115297, 70",Yes,Order Exists,Shipping Record Does NOT exist,Invoice Record Does NOT exist,No,115297,70,29316,,EUR,30/7/2024,FOB,TOMATO PASTA SAUCE WITH BASILICO 350 GR,MCLU3066549,BORUWSB427GEHF03,Y020,7296073180432,"1,040.000",12480,110731,IT,6030,204776,SALERNO,,210320008,LUCY BORCHARD,"פודז .אקס בע""מ",LA DORIA S.p.A,ORIAN,,12,HAIFA,0.35,,,
"115297, 80",Yes,Order Exists,Shipping Record Does NOT exist,Invoice Record Does NOT exist,No,115297,80,29316,,EUR,30/7/2024,FOB,TOMATO PASTA SAUCE GARLIC 350 GR.,MCLU3066549,BORUWSB427GEHF03,Y020,7296073180425,788.000,9456,110731,IT,6030,204776,SALERNO,,210320008,LUCY BORCHARD,"פודז .אקס בע""מ",LA DORIA S.p.A,ORIAN,,12,HAIFA,0.35,,,
"115320, 10",Yes,Order Exists,Shipping Record Does NOT exist,Invoice Record Does NOT exist,No,115320,10,29318,,EUR,8/12/2024,EXW,parsnip sweet potato&beetroot chips 85gr,GAOU6107424,ME-24093411,Y40H,7296073406617,490.000,5880,112147,ES,6030,204776,TARRAGONA,,2005999000,ZIM,"פודז .אקס בע""מ",Viube foods,ORIAN,,12,HAIFA_BAY,0.085,,,
"115320, 20",Yes,Order Exists,Shipping Record Does NOT exist,Invoice Record Does NOT exist,No,115320,20,29318,,EUR,8/12/2024,EXW,orange sweet potato&purple sweet chips85,GAOU6107424,ME-24093411,Y40H,7296073406600,630.000,7560,112147,ES,6030,204776,TARRAGONA,,2008999000,ZIM,"פודז .אקס בע""מ",Viube foods,ORIAN,,12,HAIFA_BAY,0.085,,,
"115320, 30",Yes,Order Exists,Shipping Record Does NOT exist,Invoice Record Does NOT exist,No,115320,30,29318,,EUR,8/12/2024,EXW,striped beetroot&white potato chips 85gr,GAOU6107424,ME-24093411,Y40H,7296073406624,350.000,4200,112147,ES,6030,204776,TARRAGONA,,2008999000,ZIM,"פודז .אקס בע""מ",Viube foods,ORIAN,,12,HAIFA_BAY,0.085,,,
"115367, 10",Yes,Order Exists,Shipping Record Exists,Invoice Record Exists,No,115367,10,29323,36779.4,EUR,22/9/2024,EXW,CORNFLAKES SHUFERSAL 750 GR.,MSMU6991480,DKCPH20-24001598,Y40H,7296073150527,,,110397,DK,6030,204776,,"1,287.28",190410001,MSC (ISRAEL) LTD,"פודז .אקס בע""מ",CRISPY FOOD,ORIAN,,,HAIFA,,,,
"115367, 10",Yes,Order Exists,Shipping Record Exists,Invoice Record Exists,No,115367,10,29323,36779.4,EUR,22/9/2024,EXW,CORNFLAKES SHUFERSAL 750 GR.,MSDU5602593,DKCPH20-24001598,Y40H,7296073150527,,,110397,DK,6030,204776,,"1,287.28",190410001,MSC (ISRAEL) LTD,"פודז .אקס בע""מ",CRISPY FOOD,ORIAN,,,HAIFA,,,,
"115367, 10",Yes,Order Exists,Shipping Record Exists,Invoice Record Exists,No,115367,10,29323,36779.4,EUR,22/9/2024,EXW,CORNFLAKES SHUFERSAL 750 GR.,MSDU5986185,DKCPH20-24001598,Y40H,7296073150527,,,110397,DK,6030,204776,,"1,287.28",190410001,MSC (ISRAEL) LTD,"פודז .אקס בע""מ",CRISPY FOOD,ORIAN,,,HAIFA,,,,
"114744, 40",Yes,Order Exists,Shipping Record Exists,Invoice Record Exists,No,114744,40,29348,76275,USD,28/9/2024,FOB,organic chestnuts,MSNU7240364,00012920,Y40H,7296073254256,"2,700.000",135000,110542,NL,,204776,XINGANG,,,,"פודז .אקס בע""מ",Maas-Intersales,,82381109,50,ASHDOD STH,,,,
"115290, 20",Yes,Order Exists,Shipping Record Does NOT exist,Invoice Record Does NOT exist,No,115290,20,29358,,EUR,8/6/2024,FOB,REGUIAR GREEN BEANS BH3(800G),SEGU9504383,BORUWNM095ANHF05,Y40H,7296073173212,"2,100.000",25200,110621,BE,6033,204776,ANTWERPEN,,071022008,LUCY BORCHARD,"פודז .אקס בע""מ",ARDO NV\SA,ORIAN,,12,HAIFA,0.8,,,
"115297, 30",Yes,Order Exists,Shipping Record Does NOT exist,Invoice Record Does NOT exist,No,115297,30,29375,,EUR,8/7/2024,FOB,TOMATO PASTA SAUCE WITH BASILICO 350 GR,MCLU3053990,BORUWRU4-55GEHF0,Y020,7296073180432,"1,544.000",18528,110731,IT,6030,204776,SALERNO,,210320008,LUCY BORCHARD,"פודז .אקס בע""מ",LA DORIA S.p.A,ORIAN,,12,HAIFA,0.35,,,
"115297, 40",Yes,Order Exists,Shipping Record Does NOT exist,Invoice Record Does NOT exist,No,115297,40,29375,,EUR,8/7/2024,FOB,TOMATO PASTA SAUCE GARLIC 350 GR.,MCLU3053990,BORUWRU4-55GEHF0,Y020,7296073180425,"1,727.000",20724,110731,IT,6030,204776,SALERNO,,210320008,LUCY BORCHARD,"פודז .אקס בע""מ",LA DORIA S.p.A,ORIAN,,12,HAIFA,0.35,,,
"115300, 10",Yes,Order Exists,Shipping Record Does NOT exist,Invoice Record Does NOT exist,No,115300,10,29390,,EUR,8/9/2024,EXW,glutten free gnocchi,CXDU2378650,ZIMUN-AP111344,Y020,7296073205111,"2,158.000",25896,110976,IT,6030,204776,NAPLES,,190230003,ZIM,"פודז .אקס בע""מ",CIEMME ALIMENTARI S.R.L,ORIAN,,12,HAIFA_BAY,0.5,,,
"115300, 20",Yes,Order Exists,Shipping Record Does NOT exist,Invoice Record Does NOT exist,No,115300,20,29390,,EUR,8/9/2024,EXW,gnocchi tri-color gluten free,CXDU2378650,ZIMUN-AP111344,Y020,7296073298588,280.000,3360,110976,IT,6030,204776,NAPLES,,190230003,ZIM,"פודז .אקס בע""מ",CIEMME ALIMENTARI S.R.L,ORIAN,,12,HAIFA_BAY,0.5,,,
"115166, 20",Yes,Order Exists,Shipping Record Exists,Invoice Record Exists,No,115166,20,29393,33648.16,EUR,31/8/2024,FOB,wafers no added sugar 21.5g*3,GMOU9026240,RTMRE0-00001117,Y40R,7296073277941,,,111692,NL,6032,204776,,786.24,190532002,ZIM,"פודז .אקס בע""מ",Helwa Wafelbakkerij BV,ORIAN,,,HAIFA_BAY,,,,
"115166, 30",Yes,Order Exists,Shipping Record Exists,Invoice Record Exists,No,115166,30,29393,31363.2,EUR,31/8/2024,FOB,No added sugar Chocolate wafers 150gram,GMOU9026240,RTMRE0-00001117,Y40R,7296073626480,,,111692,NL,6032,204776,,807.84,,ZIM,"פודז .אקס בע""מ",Helwa Wafelbakkerij BV,ORIAN,,,HAIFA_BAY,,,,
"115337, 10",Yes,Order Exists,Shipping Record Does NOT exist,Invoice Record Does NOT exist,No,115337,10,29430,29399.76,EUR,9/8/2024,FOB,EXTRA FINE GARDEN PEAS EK1(600G),CAAU4028495,BORUWSB429ANHF08,Y40H,7296073173199,,,110621,BE,6033,204776,,881.98,071021000,LUCY BORCHARD,"פודז .אקס בע""מ",ARDO NV\SA,ORIAN,,,HAIFA,,,,
"115337, 20",Yes,Order Exists,Shipping Record Does NOT exist,Invoice Record Does NOT exist,No,115337,20,29430,24579.45,EUR,9/8/2024,FOB,EXTRA FINE GREEN BEANS BH1(600G),CXRU1316581,BORUWSB429ANHF08,Y40H,7296073173205,,,110621,BE,6033,204776,,749.09,071022008,LUCY BORCHARD,"פודז .אקס בע""מ",ARDO NV\SA,ORIAN,,,HAIFA,,,,
"115337, 40",Yes,Order Exists,Shipping Record Does NOT exist,Invoice Record Does NOT exist,No,115337,40,29430,23226.88,EUR,9/8/2024,FOB,CUT GREEN BEANS BG4(800G),OTPU6524460,BORUWSB429ANHF08,Y40H,7296073173229,,,110621,BE,6033,204776,,724.90,071022008,LUCY BORCHARD,"פודז .אקס בע""מ",ARDO NV\SA,ORIAN,,,HAIFA,,,,
"115337, 50",Yes,Order Exists,Shipping Record Does NOT exist,Invoice Record Does NOT exist,No,115337,50,29430,12004.2,EUR,9/8/2024,FOB,MIX PEAS AND CARROT,OTPU6457037,BORUWSB429ANHF08,Y40H,7296073224907,,,110621,BE,6033,204776,,360.13,071021000,LUCY BORCHARD,"פודז .אקס בע""מ",ARDO NV\SA,ORIAN,,,HAIFA,,,,
"115337, 60",Yes,Order Exists,Shipping Record Does NOT exist,Invoice Record Does NOT exist,No,115337,60,29430,12415.68,EUR,9/8/2024,FOB,GREEN PEAS,OTPU6457037,BORUWSB429ANHF08,Y40H,7296073224891,,,110621,BE,6033,204776,,372.47,0710210000,LUCY BORCHARD,"פודז .אקס בע""מ",ARDO NV\SA,ORIAN,,,HAIFA,,,,
"115338, 10",Yes,Order Exists,Shipping Record Exists,Invoice Record Exists,No,115338,10,29430,22762.08,EUR,9/8/2024,FOB,GREEN PEAS,CXRU1282732,BORUWSB429ANHF08,Y40H,7296073224891,,,110621,BE,6033,204776,,713.90,0710210000,LUCY BORCHARD,"פודז .אקס בע""מ",ARDO NV\SA,ORIAN,,,HAIFA,,,,
"115368, 10",Yes,Order Exists,Shipping Record Exists,Invoice Record Exists,No,115368,10,29430,23796.72,EUR,9/8/2024,FOB,GREEN PEAS,OTPU6456581,BORUWSB429ANHF08,Y40H,7296073224891,,,110621,BE,6033,204776,,713.90,0710210000,LUCY BORCHARD,"פודז .אקס בע""מ",ARDO NV\SA,ORIAN,,,HAIFA,,,,
"115252, 10",Yes,Order Exists,Shipping Record Exists,Invoice Record Exists,No,115252,10,29437,28322.26,EUR,20/9/2024,EXW,glutten free gnocchi,ZIMU3142862,ZIMUN-AP111543,Y020,7296073205111,,,110976,IT,6030,204776,,995.18,190230003,ZIM,"פודז .אקס בע""מ",CIEMME ALIMENTARI S.R.L,ORIAN,,,HAIFA_BAY,,,,
"115252, 20",Yes,Order Exists,Shipping Record Exists,Invoice Record Exists,No,115252,20,29437,4976.4,EUR,20/9/2024,EXW,gnocchi tri-color gluten free,ZIMU3142862,ZIMUN-AP111543,Y020,7296073298588,,,110976,IT,6030,204776,,174.17,190230003,ZIM,"פודז .אקס בע""מ",CIEMME ALIMENTARI S.R.L,ORIAN,,,HAIFA_BAY,,,,
"115302, 30",Yes,Order Exists,Shipping Record Does NOT exist,Invoice Record Does NOT exist,No,115302,30,29439,21948.24,EUR,10/1/2024,FOB,CUT GREEN BEANS BG4(800G),CXRU1316215,BORUWAM169ANHF05,Y40R,7296073173229,"2,180.000",26160,110621,BE,,204776,ANTWERPEN,,,,"פודז .אקס בע""מ",ARDO NV\SA,,81116564,12,HAIFA,,,,
"115216, 10",Yes,Order Exists,Shipping Record Exists,Invoice Record Exists,No,115216,10,29444,5815.64,EUR,9/7/2024,EXW,Gluten free fusilli,TCNU5327352,ZIMUGO-A1073153,Y40H,7296073630906,,,111592,IT,6030,204776,,168.74,,ZIM,"פודז .אקס בע""מ",pastificio mennucci s.p.a,ORIAN,,,HAIFA_BAY,,,,
"115216, 20",Yes,Order Exists,Shipping Record Exists,Invoice Record Exists,No,115216,20,29444,12019.1,EUR,9/7/2024,EXW,penne gluten free 400 gr,TCNU5327352,ZIMUGO-A1073153,Y40H,7296073630913,,,111592,IT,6030,204776,,337.48,,ZIM,"פודז .אקס בע""מ",pastificio mennucci s.p.a,ORIAN,,,HAIFA_BAY,,,,
"115337, 70",Yes,Order Exists,Shipping Record Exists,Invoice Record Exists,No,115337,70,29445,24930.59,EUR,17/9/2024,FOB,EXTRA FINE GREEN BEANS BH1(600G),OTPU6456637,BORUWNM097ANHF08,Y40H,7296073173205,,,110621,BE,6033,204776,,749.09,071022008,LUCY BORCHARD,"פודז .אקס בע""מ",ARDO NV\SA,ORIAN,,,HAIFA,,,,
"115297, 90",Yes,Order Exists,Shipping Record Does NOT exist,Invoice Record Does NOT exist,No,115297,90,29451,7753.92,EUR,9/7/2024,FOB,TOMATO PASTA SAUCE BASE FOR BOLOGNSE 350,TCKU3967269,ZIMUGO-A1073513,Y020,7296073180449,,,110731,IT,6030,204776,,271.39,210320008,ZIM,"פודז .אקס בע""מ",LA DORIA S.p.A,ORIAN,,,HAIFA_BAY,,,,
"115297, 100",Yes,Order Exists,Shipping Record Does NOT exist,Invoice Record Does NOT exist,No,115297,100,29451,5254.56,EUR,9/7/2024,FOB,Neapolitan sauce 350 gr,TCKU3967269,ZIMUGO-A1073513,Y020,7296073529934,,,110731,IT,6030,204776,,183.91,2103200000,ZIM,"פודז .אקס בע""מ",LA DORIA S.p.A,ORIAN,,,HAIFA_BAY,,,,
"115297, 110",Yes,Order Exists,Shipping Record Does NOT exist,Invoice Record Does NOT exist,No,115297,110,29451,10233.6,EUR,9/7/2024,FOB,TOMATO PASTA SAUCE WITH BASILICO 350 GR,TCKU3967269,ZIMUGO-A1073513,Y020,7296073180432,,,110731,IT,6030,204776,,358.18,210320008,ZIM,"פודז .אקס בע""מ",LA DORIA S.p.A,ORIAN,,,HAIFA_BAY,,,,
"115297, 120",Yes,Order Exists,Shipping Record Does NOT exist,Invoice Record Does NOT exist,No,115297,120,29451,7753.92,EUR,9/7/2024,FOB,TOMATO PASTA SAUCE GARLIC 350 GR.,TCKU3967269,ZIMUGO-A1073513,Y020,7296073180425,,,110731,IT,6030,204776,,271.39,210320008,ZIM,"פודז .אקס בע""מ",LA DORIA S.p.A,ORIAN,,,HAIFA_BAY,,,,
"115337, 30",Yes,Order Exists,Shipping Record Exists,Invoice Record Exists,No,115337,30,29455,22554,EUR,22/10/2024,FOB,REGUIAR GREEN BEANS BH3(800G),CXRU1318368,BORUWNM099ANHF05,Y40R,7296073173212,"2,100.000",25200,110621,BE,,204776,ANTWERPEN,,,,"פודז .אקס בע""מ",ARDO NV\SA,,81117018,12,HAIFA,,,,
"115337, 80",Yes,Order Exists,Shipping Record Exists,Invoice Record Exists,No,115337,80,29455,22554,EUR,22/10/2024,FOB,REGUIAR GREEN BEANS BH3(800G),CXRU1245277,BORUWNM099ANHF05,Y40R,7296073173212,"2,100.000",25200,110621,BE,,204776,ANTWERPEN,,,,"פודז .אקס בע""מ",ARDO NV\SA,,81117018,12,HAIFA,,,,
"115302, 10",Yes,Order Exists,Shipping Record Exists,Invoice Record Exists,No,115302,10,29481,20353.68,EUR,10/1/2024,FOB,EXTRA FINE GARDEN PEAS EK1(600G),SEGU9225054,BORUWAM169ANHF03,Y40R,7296073173199,"1,620.000",24300,110621,BE,,204776,ANTWERPEN,,,,"פודז .אקס בע""מ",ARDO NV\SA,,81116575,15,HAIFA,,,,
"115297, 130",Yes,Order Exists,Shipping Record Does NOT exist,Invoice Record Does NOT exist,No,115297,130,29491,9072.48,EUR,10/2/2024,FOB,TOMATO PASTA SAUCE BASE FOR BOLOGNSE 350,FCIU4107403,ZIMUGOA1074439,Y020,7296073180449,922.000,11064,110731,IT,,204776,SALERNO,,,,"פודז .אקס בע""מ",LA DORIA S.p.A,,81116736,12,HAIFA_BAY,,,,
"115297, 140",Yes,Order Exists,Shipping Record Does NOT exist,Invoice Record Does NOT exist,No,115297,140,29491,4014.72,EUR,10/2/2024,FOB,Neapolitan sauce 350 gr,FCIU4107403,ZIMUGOA1074439,Y020,7296073529934,408.000,4896,110731,IT,,204776,SALERNO,,,,"פודז .אקס בע""מ",LA DORIA S.p.A,,81116736,12,HAIFA_BAY,,,,
"115297, 150",Yes,Order Exists,Shipping Record Does NOT exist,Invoice Record Does NOT exist,No,115297,150,29491,3886.8,EUR,10/2/2024,FOB,TOMATO PASTA SAUCE WITH BASILICO 350 GR,FCIU4107403,ZIMUGOA1074439,Y020,7296073180432,395.000,4740,110731,IT,,204776,SALERNO,,,,"פודז .אקס בע""מ",LA DORIA S.p.A,,81116736,12,HAIFA_BAY,,,,
"115297, 160",Yes,Order Exists,Shipping Record Does NOT exist,Invoice Record Does NOT exist,No,115297,160,29491,14022,EUR,10/2/2024,FOB,TOMATO PASTA SAUCE GARLIC 350 GR.,FCIU4107403,ZIMUGOA1074439,Y020,7296073180425,"1,425.000",17100,110731,IT,,204776,SALERNO,,,,"פודז .אקס בע""מ",LA DORIA S.p.A,,81116736,12,HAIFA_BAY,,,,
"115215, 10",Yes,Order Exists,Shipping Record Exists,Invoice Record Exists,No,115215,10,29501,21074.9,EUR,21/10/2024,FOB,double cookey gluten free,TGBU2532878,ZIMUHAM-81068957,Y020,7296073243342,"2,530.000",17710,111401,DE,,204776,HAMBURG,,,,"פודז .אקס בע""מ",Coppenrath Feingeback Gmbh,,81116867,7,HAIFA_BAY,,,,
"115397, 10",Yes,Order Exists,Shipping Record Exists,Invoice Record Exists,No,115397,10,29509,31536.48,EUR,11/8/2024,EXW,glutten free gnocchi,TCKU1084373,ZIMUN-AP111754,,7296073205111,"2,551.000",30612,110976,IT,6030,204776,NAPLES,,,ZIM,"פודז .אקס בע""מ",CIEMME ALIMENTARI S.R.L,ORIAN,,12,HAIFA_BAY,,,,
"115302, 20",Yes,Order Exists,Shipping Record Exists,Invoice Record Exists,No,115302,20,29522,20298.6,EUR,19/11/2024,FOB,REGUIAR GREEN BEANS BH3(800G),OTPU6528383,BORUWEF001ANHF15,,7296073173212,"1,890.000",22680,110621,BE,6033,204776,ANTWERPEN,,,LUCY BORCHARD,"פודז .אקס בע""מ",ARDO NV\SA,ORIAN,,12,ASHDOD,,,,
"115430, 10",Yes,Order Exists,Shipping Record Exists,Invoice Record Exists,No,115430,10,29540,7229.25,EUR,11/4/2024,FOB,PRESERVED LEMON JUICE 200 ML.,MCLU5093538,BORUWLT007GEHF01,,7296073130499,"1,530.000",22950,110157,IT,6030,204776,GENOA,,,LUCY BORCHARD,"פודז .אקס בע""מ",POLENGHI LAS SRL,ORIAN,,15,HAIFA,,,,
"115430, 20",Yes,Order Exists,Shipping Record Exists,Invoice Record Exists,No,115430,20,29540,6255,EUR,11/4/2024,FOB,PRESERVED LEMON JUICE 500 ML.,MCLU5093538,BORUWLT007GEHF01,,7296073132400,"1,500.000",9000,110157,IT,6030,204776,GENOA,,,LUCY BORCHARD,"פודז .אקס בע""מ",POLENGHI LAS SRL,ORIAN,,6,HAIFA,,,,
"115430, 30",Yes,Order Exists,Shipping Record Exists,Invoice Record Exists,No,115430,30,29540,7050.24,EUR,11/4/2024,FOB,Natural Lemon Juice 250ml.,MCLU5093538,BORUWLT007GEHF01,,7296073404903,"1,152.000",13824,110157,IT,6030,204776,GENOA,,,LUCY BORCHARD,"פודז .אקס בע""מ",POLENGHI LAS SRL,ORIAN,,12,HAIFA,,,,
"115448, 40",Yes,Order Exists,Shipping Record Does NOT exist,Invoice Record Does NOT exist,No,115448,40,29542,23796.72,EUR,19/11/2024,FOB,GREEN PEAS,OTPU6525553,BORUWSB433ANHF07,,7296073224891,"2,070.000",24840,110621,BE,6033,204776,ANTWERPEN,,,LUCY BORCHARD,"פודז .אקס בע""מ",ARDO NV\SA,ORIAN,,12,HAIFA,,,,
"115448, 10",Yes,Order Exists,Shipping Record Exists,Invoice Record Exists,No,115448,10,29561,29399.76,EUR,26/11/2024,FOB,EXTRA FINE GARDEN PEAS EK1(600G),TEMU9252328,BORUWNM101ANHF09,,7296073173199,"2,340.000",35100,110621,BE,6033,204776,ANTWERPEN,,,LUCY BORCHARD,"פודז .אקס בע""מ",ARDO NV\SA,ORIAN,,15,HAIFA,,,,
"115448, 30",Yes,Order Exists,Shipping Record Exists,Invoice Record Exists,No,115448,30,29561,27138.24,EUR,26/11/2024,FOB,EXTRA FINE GARDEN PEAS EK1(600G),SEKU9309123,BORUWNM101ANHF09,,7296073173199,"2,160.000",32400,110621,BE,6033,204776,ANTWERPEN,,,LUCY BORCHARD,"פודז .אקס בע""מ",ARDO NV\SA,ORIAN,,15,HAIFA,,,,
"115457, 30",Yes,Order Exists,Shipping Record Does NOT exist,Invoice Record Does NOT exist,No,115457,30,29564,7947.6,EUR,19/11/2024,FOB,REGUIAR GREEN BEANS BH3(800G),OTPU6528716,BORUWSB433ANHF10,,7296073173212,740.000,8880,110621,BE,6033,204776,ANTWERPEN,,,LUCY BORCHARD,"פודז .אקס בע""מ",ARDO NV\SA,ORIAN,,12,HAIFA,,,,
"115457, 40",Yes,Order Exists,Shipping Record Exists,Invoice Record Exists,No,115457,40,29564,3221.76,EUR,19/11/2024,FOB,CUT GREEN BEANS BG4(800G),OTPU6528716,BORUWSB433ANHF10,,7296073173229,320.000,3840,110621,BE,6033,204776,ANTWERPEN,,,LUCY BORCHARD,"פודז .אקס בע""מ",ARDO NV\SA,ORIAN,,12,HAIFA,,,,
"115457, 50",Yes,Order Exists,Shipping Record Exists,Invoice Record Exists,No,115457,50,29564,11381.04,EUR,19/11/2024,FOB,GREEN PEAS,OTPU6528716,BORUWSB433ANHF10,,7296073224891,990.000,11880,110621,BE,6033,204776,ANTWERPEN,,,LUCY BORCHARD,"פודז .אקס בע""מ",ARDO NV\SA,ORIAN,,12,HAIFA,,,,
"115457, 20",Yes,Order Exists,Shipping Record Exists,Invoice Record Exists,No,115457,20,29566,24566.45,EUR,19/11/2024,FOB,EXTRA FINE GREEN BEANS BH1(600G),SEKU9097127,BORUWEF001ANHF15,,7296073173205,"1,889.000",28335,110621,BE,6033,204776,ANTWERPEN,,,LUCY BORCHARD,"פודז .אקס בע""מ",ARDO NV\SA,ORIAN,,15,ASHDOD,,,,
"112255, 10",No,Not checked yet,Not checked yet,Not checked yet,No,112255,10,123456,25000,USD,9/1/2025,FOB,"New Test Item, one of a kind",KSJD8239KSDJ,SJDKSKSD2931992310,,2310939210329,1200,,100000,AR,666,204776,SEVAN,,,UDI PORT,,VZGO SUPPLY,,,20,HAGHPAT,,,,
